case_no,complaint_id,date_received,narrative,my_product,my_issue,abstain,primary_grievance,decisive_signal,notes
1,9974942,29-08-2024,"This morning, I noticed unauthorized inquiries on my credit report, and I have no idea how they got there. Everything was normal when I last checked, but now there are discrepancies that appeared unexpectedly. I tried refreshing my browser, hoping it was a mistake, but the inquiries are still there. I'm requesting a detailed examination of the documents I provided so that I can put this issue behind me once and for all.",Credit reporting or other personal consumer reports,Improper use of your report,,,,"Torn between Improper use and Incorrect information. Chose Improper use because unauthorized inquiries are a permissible-purpose problem, not a data accuracy problem. But consumer wants them removed, which reads like Incorrect information."
2,9952522,30-08-2024,I'm really not sure what happened. I have mailed off letters to the credit bureaus continuously and thus far I have not gotten a response. My name is XXXX XXXX and I am filing this complaint for falsely reporting misleading information. There is no third party involved. Please review the uploaded letters.,Credit reporting or other personal consumer reports,Problem with a company's investigation into an existing problem,ABSTAIN,INVESTIGATION,I have mailed off letters to the credit bureaus continuously and thus far I have not gotten a response.,"Two grievances present: bureaus not responding to repeated dispute letters, and information being falsely reported. Chose the investigation issue because the non-response is what prompted the complaint. Incorrect information is defensible if you weight the stated reason for filing."
3,8476723,05-03-2024,"I am writing to formally lodge a complaint regarding inaccurate personal information on my credit report. Upon reviewing my credit report, I discovered personal information that does not belong to me, including [ XXXX XXXX XXXX XXXX XXXX XXXX XXXX XXXX XXXX XXXX XXXX ]. As this erroneous information may adversely impact my creditworthiness and financial standing, I urgently request that you investigate this matter and take immediate action to rectify the inaccuracies. Your prompt attention to this issue is greatly appreciated, and I anticipate a swift resolution to ensure the accuracy and integrity of my credit report.",Credit reporting or other personal consumer reports,Incorrect information on your report,,ACCURACY,"""I discovered personal information that does not belong to me.""",
4,15247890,12-08-2025,"This CFPB complaint has been filed to request pursuant to FCRA 605B ( 15. U. S. C. 1681c2 ) that you, the TransUnion credit reporting agencys block the information appearing on my consumer credit report that is the result of identity theft, and fraud within four business days of you receiving this complaint. This fraudulent, inaccurateand false information consist of personal credit card accounts, auto loans, personal loansand open end unsecured consumer accounts as follows : INQUIRIES : XXXX Date : XXXX ACCOUNTS : XXXXXXXX XXXX XXXXXXXX - Account Number : XXXX, Date Opened : XXXX, Balance : {$2800.00} XXXX XXXX XXXX XXXX Account Number : XXXX, Date Opened : XXXX, Balance : {$1600.00} XXXXXXXX XXXX XXXX XXXX Account Number : XXXX, Date Opened : XXXX, Balance : {$1600.00} XXXX XXXX - Account Number : XXXX, Date Opened : XXXX, Balance : {$2000.00} XXXX XXXX - Account Number : XXXX, Date Opened : XXXX, Balance : {$00.00} XXXX XXXXXXXX - Account Number : XXXX, Date Opened : XXXX, Balance : {$00.00} XXXX XXXX XXXX Account Number : XXXX, Date Opened : XXXX, Balance : {$00.00} XXXX - Account Number : XXXX, Date Opened : XXXX, Balance : {$00.00}",Credit reporting or other personal consumer reports,Incorrect information on your report,,,,Torn with Problem with fraud alerts or security freezes because identity theft is mentioned. Main request is to block/remove fraudulent tradelines.
5,14484654,07-07-2025,"Hello, I have been directly affected by the Equifax data breach. My information was compromised and as a result ; unauthorized accounts are on my credit profile. Please immediately remove and block these items according to consumer law.",Credit reporting or other personal consumer reports,Incorrect information on your report,,,,
6,10812654,15-11-2024,"Equifax is reporting XXXX XXXX XXXX and XXXX XXXX on my credit file. These accounts and the associated balances do not belong to me. I have sent removal letters and multiple documents many times over the course of a year. This situation is unacceptable, and they are violating several rules and regulations regarding the dispute process for accounts like these. Again, these accounts and balances do not belong to me.",Credit reporting or other personal consumer reports,Problem with a company's investigation into an existing problem,ABSTAIN,INVESTIGATION,I have sent removal letters and multiple documents many times over the course of a year.,Repeated removal letters and failure to resolve the dispute are the primary grievance.
7,8853610,24-04-2024,"XXXX XXXX XXXX XXXX XXXX XXXX XXXX, Florida XXXX Date of Birth : XX/XX/1962 SS # : XXXX To Whom It May Concern : I have recently checked out a copy of my credit profile and unfortunately, it has come to my attention that some of my personal information is incorrect. If you would please be so kind as to delete this inaccurate information from my credit profile within the next XXXX days, I would greatly appreciate it. Ive listed the details on my personal information which you are inaccurately reporting and must remove right away. Please see below : My name is XXXX XXXX XXXX. I do NOT have any requisite OTHER NAMES or aliases and I do NOT desire any OTHER NAMES or aliases to be retained or reported, if ANY DELETE NOW or produce PROOF of your legitimate AUTHORITY to retain much less report without infringing my consumer rights. My current and only address is XXXX XXXX XXXX XXXX XXXX, Florida XXXX. I do NOT have any requisite OTHER CURRENT addresses and I do NOT desire any OTHER ADDRESSES to be retained or reported, if ANY DELETE NOW or produce PROOF of your legitimate AUTHORITY to retain much less report without infringing my consumer rights. My SSN is SS # : XXXX. I do NOT have any requisite OTHER SSNs and I do NOT desire any OTHER SSNs to be retained or reported, if ANY DELETE NOW or product PROOF of your legitimate AUTHORITY to retain much less report without infringing my consumer rights. My date of birth is Date of Birth : XX/XX/1962. I do NOT have any requisite OTHER Dates of Birth and I do NOT desire any OTHER Dates of Birth to be retained or reported, if ANY DELETE NOW or product PROOF of your legitimate AUTHORITY to retain much less report without infringing my consumer rights. I do NOT have any requisite telephone numbers and I do NOT desire any telephone numbers to be retained or reported, if ANY DELETE NOW or product PROOF of your legitimate AUTHORITY to retain much less report without infringing my consumer rights. I do NOT have any requisite employers and I do NOT desire any employers to be retained or reported, if ANY DELETE NOW or product PROOF of your legitimate AUTHORITY to retain much less report without infringing my consumer rights. I do NOT have any requisite spouses/ roommates/ co-applicants and I do NOT desire any spouses/ roommates/ co-applicants to be retained or reported, if ANY DELETE NOW or product PROOF of your legitimate AUTHORITY to retain much less report without infringing my consumer rights. Pursuant to the FAIR CREDIT REPORTING ACT 15 USC 1681 ( A ) ( 4 ), I am a federally protected consumer and I have a right to privacy. Not granting me my rights is in direct violation of 15 USC 1681 and all its subsections. Thank you, in advance, for honoring my requests. Its my understanding that you have up to XXXX days to follow through on my request so if I dont receive any updates from you within that time frame, then I know that these inaccuracies must be removed automatically. Once you have removed the inaccurate information I would like my full completed and corrected credit report showing these changes mailed to XXXX XXXX XXXX XXXX XXXX, Florida XXXX. Thank you. Sincerely, XXXX XXXX",Credit reporting or other personal consumer reports,Incorrect information on your report,,,,
8,15738333,05-09-2025,"I have submitted multiple formal dispute letters to TRANSUNION LLC Consumer Dispute Center regarding inaccurate and unverifiable information on my credit report ( see attached copies ). Despite clear legal notice, TRANSUNION LLC Consumer Dispute Center continues to willfully report inaccurate data in violation of FCRA 15 U.S.C. 1681e ( b ), 1681i, and FDCPA 1692e and 1692f. I have exhausted all attempts to resolve this matter directly with the credit bureau. I now request the CFPB to investigate and enforce compliance.",Credit reporting or other personal consumer reports,Problem with a company's investigation into an existing problem,,INVESTIGATION,"""I have submitted multiple formal dispute letters... I have exhausted all attempts to resolve this matter directly.""",
9,15666283,02-09-2025,"This CFPB complaint has been filed to request pursuant to FCRA XXXX ( 15. U. S. C. 1681c2 ) that you, the Equifax credit reporting agencys block the information appearing on my consumer credit report that is the result of identity theft, and fraud within XXXX business days of you receiving this complaint. This fraudulent, inaccurateand false information consist of personal credit card accounts, auto loans, personal loansand open end unsecured consumer accounts as follows : INQUIRIES : XXXX Date : XX/XX/XXXX ACCOUNTS : XXXX - Account Number : XXXXXXXX XXXX XXXX XXXX XXXX XXXX XXXX XXXX XXXX XXXX XXXX XXXX XXXX, Date Opened : XX/XX/XXXX, Balance : {$0.00} XXXX XXXX XXXX Account Number : XXXX XXXX XXXX, Date Opened : XX/XX/XXXX, Balance : {$1500.00} XXXX XXXX XXXX Account Number : XXXX XXXX XXXXXXXX, Date Opened : XX/XX/XXXX, Balance : {$720.00} XXXX XXXX XXXX- Account XXXX : XXXXXXXX XXXX XXXX, Date Opened : XX/XX/XXXX, Balance : {$2500.00} XXXX XXXX XXXX Account XXXX XXXX XXXXXXXX XXXX XXXX XXXX XXXX XXXXXXXX, Date Opened : XX/XX/XXXX, Balance : {$110.00} XXXX - Account Number : XXXXXXXX XXXX XXXX XXXXXXXX, Date Opened : XX/XX/XXXX, Balance : {$250.00} These accounts have resulted in several fraudulent hard inquiries and fraudulent collections appearing on my consumer XXXX credit report. Ive attached a list of the hard inquiries in question as well as a copy of the consumer XXXX credit report maintained by you which shows the said fraudulent items. I do not recognize these accounts, collections and hard inquiries as reported. The aforementioned accounts, collections and hard inquiries appearing on my consumer credit report maintained by you were not opened, made or initiated by me. All of the said accounts, collections and hard inquiries are a result of identity theft, and fraud. I have attached a copy of the FTC identity theft criminal complaint case number XXXX, XXXX as proof from the XXXX federal trade commission that all of the aforementioned, consumer credit accounts, collections and hard inquiries are in fact a result of identity, theft, and fraud.",Credit reporting or other personal consumer reports,Incorrect information on your report,,,,Similar to Case 4. Focus is fraudulent information appearing on the report.
10,8753112,11-04-2024,"I am writing to follow up on my previous dispute regarding the fraudulent account appearing on my credit report. On [ date of initial dispute letter ], I sent a formal dispute letter informing you of the inaccurate and unauthorized account listed on my credit report. Despite my efforts, the erroneous information has not been rectified, and I believe there may be violations of the Fair Credit Reporting Act ( FCRA ) that need to be addressed. I reiterate that I have no affiliation with this account, nor have I authorized its opening. This erroneous information is damaging my creditworthiness and causing undue stress and inconvenience. Furthermore, it has come to my attention that there may be violations of the FCRA in handling my dispute : 1. Failure to Conduct Reasonable Investigation : Despite providing sufficient evidence of the fraudulent nature of the account, no meaningful investigation appears to have been conducted to verify the accuracy of the information. 2. Failure to Provide Prompt Response : Under the FCRA, credit reporting agencies are required to investigate disputes within 30 days of receiving them. It has been well beyond this timeframe, and I have yet to receive a satisfactory response. 3. Failure to Delete Inaccurate Information : The FCRA mandates that inaccurate information must be promptly corrected or deleted from credit reports. The presence of the fraudulent account continues to mar my credit profile, indicating a failure to comply with this requirement.",Credit reporting or other personal consumer reports,Problem with a company's investigation into an existing problem,,INVESTIGATION,Failure to Conduct Reasonable Investigation.,
11,13437471,09-05-2025,"I recently looked at my credit profile and noticed a number of unauthorized inquiries and charged off accounts of on my profile. Those inquiries and charged off accounts consist of XXXX XXXX XXXX XX/XX/XXXX XXXX XXXX XXXX Payments XXXX XXXXCharge Off XXXX XXXX XXXX XXXX XXXXCharge off Transunion XXXX XXXX XX/XX/XXXX XXXX XXXX XXXX-Late Payments XXXX XXXX XXXXCharge Off XXXX XXXX- XXXXCharge Off Equifax XXXX Specialty - XXXX XXXX XXXX Etc. XX/XX/XXXX XXXX XXXX - XXXX, XXXX, XXXX. XX/XX/XXXX XXXX XXXX XXXX-Late Payments XXXX XXXXCharge Off XXXX XXXX XXXXCharge Off",Credit reporting or other personal consumer reports,Incorrect information on your report,ABSTAIN,ACCURACY,"""unauthorized inquiries and charged off accounts on my profile.""","Unauthorized inquiries are mentioned, but most of the complaint centers on inaccurate charged-off accounts."
12,10024363,04-09-2024,Please take a look at the attached letters and ID docs for verification that it is I XXXX XXXX filing this complaint. The stuff on my credit report is wrong and Under 15 U.S. Code 1681b Permissible purposes of consumer reports I never gave any written consent to report anything on my consumer reports no consent is fraud.,Credit reporting or other personal consumer reports,Improper use of your report,,PERMISSIBLE-PURPOSE,"""I never gave any written consent to report anything on my consumer reports.""",Complaint is based on lack of permissible purpose/consent under FCRA §1681b.
13,12327779,05-03-2025,"I am filing this complaint against Mr. Cooper for inaccurate and misleading credit reporting related to my mortgage loan modification. I was approved for a trial period plan ( TPP ) and subsequent loan modification under the XXXX XXXX Program. I made all required trial period payments on time. However, Mr. Cooper incorrectly reported my payments as late during the trial period, even though I was following their approved plan. Attached is a letter from XXXX XXXX Mortgage XXXX XXXX ) confirming that my account was placed in forbearance from XX/XX/year>, to XX/XX/year>, due to financial hardship. XXXX explicitly intended to prevent adverse credit reporting during this period. They are also actively working to correct any errors. Why This is Wrong : The Consumer Financial Protection Bureau ( CFPB ) XXXX XXXX states that servicers should not report a borrower as delinquent when they are in a trial modification and making payments as required. Mr. Cooper 's own letter states : "" Once your loan is modified, you will be considered current on your mortgage. '' This confirms that the late payment reporting is misleading and inaccurate. Under the Fair Credit Reporting Act ( FCRA ) 15 U.S.C. XXXX, credit furnishers are required to report information accurately and fairly. Reporting me as delinquent while I was in a lender-approved plan misrepresents my payment history and unfairly damages my credit score. I have disputed this multiple times with Mr. Cooper and the credit bureaus, but they refuse to correct the reporting.",Mortgage,Incorrect information on your report,,,,
14,17227322,13-11-2025,"The reported late payments and charge-off accounts are inaccurate, incomplete, and unverifiable. The furnishers have failed to provide original, documented proof that these alleged delinquencies occurred. Without legally required validation, continued reporting of this negative information is a direct violation of the Fair Credit Reporting Act ( FCRA ) and the Fair Debt Collection Practices Act ( FDCPA ). Reporting unverifiable derogatory information damages my credit standing and reflects negligent and unlawful reporting practices.",Credit reporting or other personal consumer reports,Incorrect information on your report,,,,
15,14330956,27-06-2025,"I have encountered difficulties accessing my Experian Credit Bureau account and was instructed to send identification documents for verification. Despite providing clear and legible documentation, I am still unable to access my account. This is why I escalated the matter through the CFPB.",Credit reporting or other personal consumer reports,Unable to get your credit report or credit score,,,,Unable to access Experian account after identity verification.
16,21901299,05-05-2026,They offered a settlement I made a payment towards the account based on the settlement amount and for the account to be deleted off of my credit.,Debt collection,Attempts to collect debt not owed,,,,Settlement/payment-for-delete dispute fits debt collection better than credit reporting.
17,14988267,01-08-2025,"You have reported inaccurate and unauthorized accounts on my credit report, which is a violation of the Fair Credit Reporting Act ( 15 U.S. Code 1681i ) requiring a proper reinvestigation of disputed items, and 1681e ( b ), which mandates maximum possible accuracy. These false entries are damaging and unjust, especially since Ive never opened or authorized these accounts. If you fail to investigate and correct this, I may pursue legal action under the FCRA and FDCPA ( 15 U.S. Code 1692e ) for deceptive and misleading reporting.",Credit reporting or other personal consumer reports,Incorrect information on your report,ABSTAIN,ACCURACY,"""You have reported inaccurate and unauthorized accounts on my credit report.""",
18,16083685,22-09-2025,"I am authorizing the submission of dispute letters and the filing of this complaint through the Consumer Financial Protection Bureaus online system on my behalf. This authorization serves as confirmation that I have reviewed, approved, and directed these actions to ensure that my rights under the Fair Credit Reporting Act ( FCRA ) are fully protected. I am submitting this formal complaint against Equifax for ongoing violations of the Fair Credit Reporting Act ( FCRA ) related to my identity theft dispute. On XX/XX/year>, I submitted a legal demand with my FTC Identity Theft Report and supporting documentation, which identified fraudulent accounts from XXXX XXXX XXXX and XXXX XXXX XXXX. Despite having received all required documents, Equifax has failed to block or delete these accounts, in direct violation of FCRA 1681c-2, and has not conducted a reasonable reinvestigation under FCRA 1681i ( a ) ( 1 ). In addition, certain accounts appear to have been reinserted without proper notice, further violating FCRA 1681i ( a ) ( 5 ). Their refusal to comply continues to cause harm to my creditworthiness and financial well-being. XXXX XXXX XXXX XXXX XXXX XXXX XXXX XXXX",Credit reporting or other personal consumer reports,Incorrect information on your report,,,,Identity theft is background; complaint is about fraudulent accounts remaining on report.
19,12007845,09-02-2025,This company is violating my consumer rights! Not properly licensed to collect.,Debt collection,False statements or representation,,,,Complaint is that collector is not properly licensed to collect.
20,13703831,25-05-2025,"I have requested verification of this dismissed XXXX XXXX XXXX that is appearing on my credit report. The date of filing is wrong, it was XXXX of 2018, and the account numbers are not accurate. I have received no response to my request that they verify and correct the information.",Credit reporting or other personal consumer reports,Incorrect information on your report,,,,
21,11753389,22-01-2025,"I am submitting this formal complaint regarding Equifax 's violations of the Fair Credit Reporting Act ( FCRA ), specifically 605B and 611, due to their failure to address fraudulent accounts on my credit report despite proper notification and submission of required documentation. On [ XX/XX/XXXXXXXX ], I disputed several fraudulent accounts and provided Equifax with all necessary documents, including a valid identity theft affidavit, proof of address, government-issued ID, and evidence linking me to a data breach. However, Equifax failed to block the disputed items within the four business days required by 605B and instead "" verified '' the accounts without disclosing the sources or evidence of verification, violating 611 's mandate for a reasonable reinvestigation and transparency. Their actions contravene established precedent, such as XXXX XXXX XXXX XXXX XXXX XXXX XXXX XXXX XXXX XXXX XXXX which affirm the rights of consumers to accurate reporting and proper investigation of disputes. This pattern of non-compliance with statutory obligations and disregard for the CFPBs XXXX bulletin underscores Equifax 's failure to uphold consumer protections under the FCRA. Complaint XXXX XXXX",Credit reporting or other personal consumer reports,Problem with a company's investigation into an existing problem,,,,Main allegation is Equifax failed to act after disputes and supporting documentation.
22,9903837,23-08-2024,"XXXX XXXX "" Account was closed '' XXXX XXXX : XXXXXXXX XXXX XXXX ' account closed "" XXXX XXXXXXXX XXXX XXXX XXXX : XXXX. XXXX XXXX "" inquiry '' XXXX XXXX XXXX ' does not belong to me, I have no idea what this is """,Credit reporting or other personal consumer reports,Incorrect information on your report,,,,
23,9743158,08-08-2024,"XXXX XXXX XXXX reported the late payment on XXXX, XXXX, XX/XX/year> to all XXXX credit bureaus for all three loans ( Loan # XXXX, XXXX and XXXX ), while those three months were the review period of mortgage assistance application.",Mortgage,Incorrect information on your report,,ACCURACY,"""reported the late payment... while those three months were the review period of mortgage assistance application.""",Mortgage servicer allegedly reported late payments incorrectly.
24,17303911,17-11-2025,"Hello, I purchased resin statues from an individual named XXXX XXXX, who is an employee of the company XXXX XXXX XXXX. We used PayPal for each purchase of goods and services. Some of the statues were delivered, but most were not, and no tracking has been provided. Shortly after, the seller in question asked me to claim my refunds through PayPal using the XXXX protection. I submitted the claims, with the evidence to PayPal, but without escalating the case, they closed the case in the seller 's favor. I've been going back and forth for months now with the employee XXXX XXXX about my different refunds, without any progress. I then called PayPal to try to get an explanation and find a solution. They refunded me XXXX of the cases due to the seller not providing any tracking number. Since that paypal said that it made an exception with the refund, and they are currently working with the seller. They are saying that they are currently working with the seller to get my money back. Every time I call, they said an answer will be given in XXXX days, but it has been months already. Besides PayPal, a payment was made through XXXX and PayPal friends and family for the amount of XXXX, XXXX has been refunded XXXX is still owed. In late XXXX, I received a message from the actual website, XXXX custom studio, stating that the agent I was dealing with is no longer working for them. Then the company explained that they are taking FULL responsibility for everything that happened ( PayPal + XXXX payment ), and that they will refund everything. They are also claiming that their employee made the deal without them being aware, and that not all the deals are in the system. However, when I log in to my account, I can see all the purchases I've made through him. They said that they will talk to PayPal for a possible refund and reopen all the cases, and if no progress, they will directly send me the money on PayPal after XXXX to XXXX weeks. As of today, XX/XX/year>, I'm being ghosted and have no answer. Note that PayPal said that the seller has full possession of the money, but the seller claimed PayPal held their money. So I'm stuck in a position where MY money is being held and not returned to me, and the items I bought from them are not delivered : I include below the conversation with the agent, XXXX custom studio, and the PayPal cases. So there is : XXXX + XXXX + XXXX + XXXX from PayPal and XXXX from XXXX","Money transfer, virtual currency, or money service",Fraud or scam,,,,PayPal transaction involving seller fraud.
25,13934964,06-06-2025,"I am deeply disappointed by the violation of my consumer rights through the provision of inaccurate information. Fair treatment and transparency are crucial to me as a consumer. Please provide detailed information on the shortcomings regarding accuracy and compliance. Certification holds no value to me. I prioritize factual and truthful data concerning your company and my credit profile. It is concerning that the credit report I received does not adhere to the necessary standards, raising doubts about its accuracy and proper formatting. I urge you to promptly remove any false accounts from my credit report. Timely resolution is essential to prevent future financial consequences. My credit report is of utmost importance, and I expect only accurate, verified, and compliant data to be documented. Listed below is the personal information that is being challenged : Incorrect Previous Address : XXXX XXXX XXXX XXXX XXXX, XXXX, XXXX XXXX Incorrect Previous Address : XXXX XXXX XXXX XXXX XXXX XXXX, XXXX, XXXX XXXX Listed below is the account that is being challenged : XXXX XXXX XXXX below are the collections that are being challenged : XXXX XXXX XXXX XXXX XXXX XXXX XXXX XXXX XXXX XXXX I respectfully contest any unverified or undocumented information in my credit report. Compliance with the FCRA and Metro 2 reporting standards is expected. Please provide factual evidence or remove any unproven claims. Mail all supporting documentation and an updated credit report. I am deeply disappointed by the inclusion of inaccurate information and the lack of supporting evidence in my credit report. It is crucial to report claims accurately and in accordance with the law. Please provide verifiable evidence to support the existence of each account and the permissible use of my information. Remove all unsupported allegations. I request that physical documentation and an updated credit report be mailed to me, as authorized. Listed below is the personal information that is being challenged : Incorrect Previous Address : XXXX XXXX XXXX XXXX XXXX XXXX, XXXX, XXXX XXXX Incorrect Name : XXXX XXXX XXXX XXXX Address : XXXX XXXX XXXX XXXX, XXXX, XXXX XXXX XXXX : Retail Listed below are the collections that are being challenged : XXXX XXXX XXXX XXXX XXXX XXXX XXXX XXXX XXXX XXXX I am formally disputing any information within my credit report that lacks substantiation or accuracy, invoking both the FCRA and Metro 2 standards. The inclusion of unproven allegations of delinquency or derogatory information violates federal and state laws and demands precise and lawful reporting. Compliance with Metro 2 standards is mandatory, and I insist that you ensure the accuracy and legality of all claims in my credit report. Furthermore, I request tangible, verifiable evidence substantiating the existence and lawful use of each account. If such evidence can not be provided, I demand the immediate removal of the account from my credit report. I authorize the physical mailing of documentation that outlines your actions and any updates to my report. Listed below is the personal information that is being challenged : Incorrect Previous Address : XXXX XXXX XXXX XXXX XXXX, XXXX, XXXX XXXX Incorrect Previous Address : XXXX XXXX XXXX XXXX XXXX XXXX, XXXX, XXXX XXXX Employer : XXXX Listed below are the collections that are being challenged : XXXX XXXX XXXX XXXX XXXX XXXX XXXX XXXX XXXX XXXX Listed below is the inquiry that is being challenged : XXXX XXXX XXXX XXXX I respectfully request the removal of inaccurate credit report information and insist that you provide verifiable legal authority justifying its inclusion. If such evidence is not available, I expect a complete deletion in accordance with the Fair Credit Reporting Act. I have no record of providing consent for the above-listed companies to report this data, and I urge you to correct these records immediately to ensure Metro 2 compliance for accurate, complete, and timely reporting. Additionally, I request that these companies send me a copy of my signed authorization within five ( 5 ) business days. Failure to do so would constitute a violation of the Fair Credit Reporting Act, and I am seeking your assistance in resolving this matter. As a valued consumer, I believe it is critical that your databases maintain accurate and up-to-date information about me. I am disappointed that this has not been the case, and I trust you will take the necessary steps to correct the situation promptly. Please be advised that my frustration arises from a sincere desire to maintain a fair and transparent relationship with your organization. I appreciate your attention to this matter and look forward to a swift and lawful resolution. Finally, I confirm that any letters you may receive bearing my name were authored by me or under my explicit direction and consent. There is no requirement for a Power of Attorney to submit such letters. If you fail to process my letters in a timely manner, I will view it as a deliberate disregard of my rights as a consumer, and I will consult legal counsel to pursue appropriate action.",Credit reporting or other personal consumer reports,Incorrect information on your report,,ACCURACY,"""I urge you to promptly remove any false accounts from my credit report.""",General complaint about inaccurate credit reporting.
26,11867635,01-02-2025,"I am filing a complaint against Equifax for failing to properly investigate my disputes regarding inaccuracies in my credit report. Despite my submissions, Equifax consistently responds failing to properly investigate my disputes regarding inaccuracies in my credit report. Despite my submissions, Equifax consistently responds within 24 hours stating the account is accurate, without providing any evidence of a thorough investigation. This practice violates the Fair Credit Reporting Act ( FCRA ), 15 U.S.C. 1681i, which mandates a reasonable investigation of disputes. Furthermore, Equifax 's actions may also contravene the Consumer Financial Protection Act ( CFPA ), 12 U.S.C. 5536 ( a ) ( 1 ) ( A ) - ( B ), as highlighted in the CFPB 's recent administrative proceeding ( File No. 2025-CFPB-0002 ) against them for similar violations. I request that the CFPB take action to ensure Equifax complies with federal law and provides consumers with the necessary proof of investigation.",Credit reporting or other personal consumer reports,Problem with a company's investigation into an existing problem,,,,
27,14982390,30-07-2025,"In accordance with the Fair Credit Reporting act. The List of accounts below has violated my federally protected consumer rights to privacy and confidentiality under 15 USC 1681. 15 U.S.C 1681 section 602 A. States I have the right to privacy. 15 U.S.C 1681 Section 604 A Section 2 : It also states a consumer reporting agency can not furnish a account without my written instructions 15 U.S.C 1681c. ( a ) ( 5 ) Section States : no consumer reporting agency may make any consumer report containing any of the following items of information Any other adverse item of information, other than records of convictions of crimes which antedates the report by more than seven years. 15 U.S.C. 1681s-2 ( A ) ( 1 ) A person shall not furnish any information relating to a consumer to any consumer reporting agency if the person knows or has reasonable cause to believe that the information is inaccurate.",Credit reporting or other personal consumer reports,Improper use of your report,,PERMISSIBLE-PURPOSE,"""a consumer reporting agency can not furnish a account without my written instructions.""",Complaint relies on unauthorized furnishing of credit information/privacy provisions rather than accuracy.
28,11726214,21-01-2025,"XXXX XXXX I am to formally express my concerns regarding Zelles handling of disputes, particularly in light of the recent CFPB lawsuit highlighting significant issues with the platform. Despite using Zelle numerous times and reporting discrepancies, my financial institution and Zelle failed to investigate my claims adequately. They informed me that recovering lost funds was impossible and that tracking these transactions was unfeasible. The CFPBs findings indicate that Zelle has not only neglected to protect consumers but has also allowed repeat offenders to exploit the system, leaving user vulnerable to scams. The lack of accountability and transparency is unacceptable and raises serious concerns about consumers safety.","Money transfer, virtual currency, or money service",Other service problem,,,,Complaint centers on Zelle's dispute handling rather than a specific transaction.
29,16709254,20-10-2025,"Background and Context This is a formal second-round dispute and complaint regarding the XXXX XXXX account ( Ref. XXXX ), which continues to be reported inaccurately despite prior disputes. The account was never authorized, verified, or validated under the Fair Debt Collection Practices Act ( FDCPA ), yet all three credit bureaus continue to list it with false, re-aged, and contradictory data. These inconsistencies clearly demonstrate violations of the Fair Credit Reporting Act ( FCRA ), FDCPA, and CFPB compliance standards regarding accuracy, verification, and consumer notification. Key Inconsistencies and Violations Re-Aged Account ( Illegal Under FCRA 623 ( a ) ( 5 ) ) Date Opened is reported as XX/XX/year>, suggesting a brand-new collection, yet the Last Activity is listed as XX/XX/year>, only eight months later. No original creditor or prior billing history is shown. This is a clear attempt to re-age a debt to extend its reporting period beyond the seven-year limit allowed by law. False and Contradictory Data Between Bureaus Equifax : Closed XXXX : Closed XXXX : Open A debt can not legally be both closed and open simultaneously. Impossible Dates and Fabricated Reporting Activity Start Date : XX/XX/year> Last Reported : XX/XX/year> The tradeline was allegedly reported before it even started, which is chronologically impossible and violates FCRA 1681e ( b ). No Validation of Debt Ownership No documentation or written notice proving that TEK Collect owns or has been assigned the alleged {$2300.00} debt has ever been provided. Reporting unverifiable debt violates FDCPA 809 ( b ) and FCRA 623 ( a ) ( 1 ) ( A ). Failure to Report Accurate Dispute Status Although this account was previously disputed ( as shown in system notes ), it is not properly marked as consumer disputes this account. This omission violates FDCPA 807 ( 8 ) and FCRA 623 ( a ) ( 3 ). Legal Violations FCRA Violations 15 U.S.C. 1681e ( b ) Failure to ensure maximum possible accuracy of reported information. 15 U.S.C. 1681i ( a ) ( 1 ) Failure to conduct a reasonable reinvestigation. 15 U.S.C. 1681i ( a ) ( 5 ) ( A ) - ( B ) Re-reporting or reinserting information without certification or notice to the consumer. 15 U.S.C. 1681s-2 ( a ) ( 1 ) ( A ) Furnishing information known to be inaccurate. 15 U.S.C. 1681s-2 ( b ) Failure to correct and update inaccurate data after being notified of a dispute. 15 U.S.C. 623 ( a ) ( 5 ) Illegal re-aging of an account to manipulate credit timelines. FDCPA Violations 15 U.S.C. 1692e ( 2 ) ( A ) False representation of the character, amount, or legal status of a debt. 15 U.S.C. 1692e ( 8 ) Failure to communicate that a disputed debt is disputed. 15 U.S.C. 1692f ( 1 ) Collection of amounts not authorized by contract or law. 15 U.S.C. 1692d Harassing and deceptive practices through false reporting and continued damage to consumer credit. Consumer Rights Under the FCRA and FDCPA, I have the legal right to : Receive verification and validation of any alleged debt before it is reported or collected. Have unverifiable or inaccurate information deleted from my credit reports. Be notified in writing if deleted data is reinserted by any CRA. Seek damages for negligent or willful violations of the FCRA and FDCPA.",Credit reporting or other personal consumer reports,Incorrect information on your report,ABSTAIN,ACCURACY,"""continues to be reported inaccurately despite prior disputes.""",
30,9076489,23-05-2024,"there are a series of unauthorized Inquiries on all XXXX of the credit reporting companies. XXXX XXXX XXXX XXXX XXXX XXXX XXXX XXXX XXXX XXXX XXXX XXXX XXXX XXXXXX/XX/XXXX, I want these inquiries deleted.",Credit reporting or other personal consumer reports,Improper use of your report,,PERMISSIBLE-PURPOSE,"""there are a series of unauthorized inquiries""",Unauthorized inquiries are a permissible-purpose issue.
31,15697453,03-09-2025,"This CFPB complaint has been filed to request pursuant to FCRA XXXX ( XXXX. XXXX XXXX XXXX. XXXX ) that you, the Equifax credit reporting agencys block the information appearing on my consumer credit report that is the result of identity theft, and fraud within XXXX business days of you receiving this complaint. This fraudulent, inaccurateand false information consist of personal credit card accounts, auto loans, personal loansand open end unsecured consumer accounts as follows : ACCOUNTS : XXXX XXXX XXXX - Account Number : XXXXXXXX XXXX XXXX XXXX XXXX XXXX XXXX XXXX XXXX XXXX XXXX XXXX, Date Opened : XX/XX/year>, Balance : {$2700.00} These accounts have resulted in several fraudulent XXXX inquiries and fraudulent collections appearing on my consumer XXXX credit report. Ive attached a list of the XXXX inquiries in question as well as a copy of the consumer XXXX credit report maintained by you which shows the said fraudulent items. I do not recognize these accounts, collections and XXXX inquiries as reported. The aforementioned accounts, collections and XXXX inquiries appearing on my consumer credit report maintained by you were not opened, made or initiated by me. All of the said accounts, collections and XXXX inquiries are a result of identity theft, and fraud. I have attached a copy of the FTC identity theft criminal complaint case number XXXX, as proof from the XXXX federal trade commission that all of the aforementioned, consumer credit accounts, collections and XXXX inquiries are in fact a result of identity, theft, and fraud.",Credit reporting or other personal consumer reports,Incorrect information on your report,,,,Identity theft is background; consumer requests blocking fraudulent tradelines.
32,23939358,07-07-2026,"I am a victim of Identity Theft. Card accounts were opened without my consent, authorization and/or acknowledgment. The accounts are Fraudulent and have place me in harms way with alleged owed amounts.",Credit reporting or other personal consumer reports,Incorrect information on your report,,,,
33,16374619,05-10-2025,"On XX/XX/year>, I purchased a dress online from merchant XXXX XXXX for {$420.00} in size XXXX. When I received the item, it was not the correct size. The dress was actually a XXXX, but the merchant had stitched a XXXX XXXX over the original XXXX XXXX. I took measurements and photos clearly showing this misrepresentation. I immediately contacted the merchant, explained the issue, and requested either an exchange for the correct size or a refund. The merchant refused to accept responsibility, refused to exchange the dress, and would not issue a refund. Because the product was not as described and could not be worn, I disputed the {$420.00} charge with my credit card company ( Capital One ). I provided the photos and explanation showing the altered tag and incorrect sizing. Despite this clear evidence, Capital One denied my dispute, I provided information that was asked and capital one claims they can not validate it and closed my case.",Credit card,Problem with a purchase shown on your statement,,,,Merchant misrepresented the purchased item.
34,8690186,05-04-2024,"I assert that adding inaccurate late payment remarks to my accounts violates 15 USC 1666. All payments on these accounts have been made on time, so any incorrect reporting is unfair and illegal.",Credit reporting or other personal consumer reports,Incorrect information on your report,,,,
35,8984279,11-05-2024,"In account with the Fair Credit Reporting Act. The List of accounts below has violated my federally protected consumer rights to privacy and confidentiality under 15 USC 1681. Account name : XXXX XXXX XXXX # XXXX, Account name : XXXX XXXX # XXXX, Account name : XXXX XXXX XXXX # XXXX, Account name : XXXX. XXXX XXXXXXXX # XXXX, Account name : XXXX XXXX XXXX # XXXX, Account name : XXXX XXXX XXXX # XXXX has violated my rights. I looked at my TransUnion credit report on XX/XX/2024 and noticed some things are incomplete and not accurate. And according to the fair credit reporting act Whenever a consumer reporting agency prepares a consumer report it shall follow reasonable procedures to assure maximum possible accuracy of the information concerning the individual about whom the report relates according to 15 USC 1681 ( e ) ( b ). And according to 15 USC 1681 5 they are suppose to do this ( 5 ) Treatment of inaccurate or unverifiable information ( A ) In general, after any reinvestigation under paragraph ( XXXX ) of any information disputed by a consumer, an item of the information is found to be inaccurate or incomplete or can not be verified, the consumer reporting agency shall ( i ) promptly delete that item of information from the file of the consumer, or modify that item of information, as appropriate, based on the results of the reinvestigation; and ( ii ) promptly notify the furnisher of that information that the information has been modified or deleted from the file of the consumer. and according to 15 USC 1681s-2 they are suppose to not furnish any information relating to a consumer to any consumer reporting agency if the person knows or has reasonable cause to believe that the information is inaccurate.",Credit reporting or other personal consumer reports,Improper use of your report,,,,Complaint relies primarily on privacy/FCRA §1681 and unauthorized reporting.
36,13924210,05-06-2025,"NOTICE OF LEGAL PROCEEDINGS Case Number : XXXX Outstanding Amount : {$1200.00} Lender : XXXX XXXX XXXX Time Left : 24 hours. Contact : XXXX Dear Debtor 's We are writing to address a matter of significant concern regarding an unresolved outstanding debt in the amount of {$1200.00}, associated with your account under Case Number : XXXX. This communication marks your final opportunity to resolve this matter outside of court. You are required to take immediate action within the next five hours upon receipt of this notice. Failure to do so will result in serious consequences. Our attention has been drawn to the fact that the XXXX XXXX XXXX XXXX has levied four serious allegations against you, each carrying substantial legal implications : 1. Violation of Federal Banking Regulation 2. Collateral Check Fraud 3. Theft by Deception 4. Electronic Fund Transfer It is important to note that XXXX XXXX XXXX, the parent company, assumes responsibility for all outstanding debts. Regardless of the subsidiary through which the loan was acquired, such as ( XXXX XXXX XXXX, XXXX XXXX XXXX, XXXX XXXX XXXX XXXX XXXX XXXX XXXX XXXX XXXX XXXX XXXX XXXX XXXX XXXX XXXX XXXX XXXX XXXX XXXX XXXX XXXX XXXX XXXX XXXX XXXX XXXX XXXX XXXX XXXX XXXX XXXX XXXX XXXX XXXX XXXX XXXX XXXX XXXX XXXX XXXX XXXX XXXX XXXX XXXX XXXX XXXX XXXX XXXX XXXX XXXX XXXX XXXX XXXX XXXX XXXX XXXX XXXX XXXX XXXX XXXX XXXX XXXX XXXX XXXX XXXX XXXX XXXX XXXX XXXX XXXX XXXX XXXX XXXX XXXX XXXX XXXX XXXX XXXX XXXX XXXX XXXX XXXX XXXX XXXX XXXX XXXX XXXX XXXX XXXX XXXX XXXX XXXX XXXX XXXX XXXX ), the main lender retains the right to lodge a complaint and pursue legal action through appropriate channels, including the court. To prevent further legal action, we present the following payment options requiring your immediate attention : 1.A one-time settlement of {$690.00}, leading to a complete resolution of the debt within the next 24 hours. 2.Weekly or biweekly payments of {$210.00} until the debt of {$1200.00} is fully settled, commencing today within the next five hours. We urge you to comprehend the gravity of this situation and take swift action to address it. Failure to do so within the specified time frame will lead to the following severe consequences : 1. * * Late Payment Fee : * * A fixed fee added to your account if the installation is not paid by the due date. 2. * * Interest Penalties : * * Increased interest in the outstanding balance for delayed payments, which can lead to a higher total repayment amount. 3. * * Negative Credit Reporting : * * Failure to make timely payments may be reported to credit bureaus, potentially harming your credit score. If you fail to pay a payday loan, the lender may sue you. If they win in court, they can garnish their wages. They may also sell your account to a debt collector, who will pursue you aggressively and may take you to court. You can be sued over an unpaid payday loan until the statute of limitations expires. This varies from state to state, but its often six years. Most lenders do not report to the credit bureaus, so missed payments will not hurt your credit score. If your debt is sold to a collection agency, they will report it and it will be noted on your credit report. Your credit will go down. Our investigations have indicated potential fraud, including unauthorized electronic funds transfers, linked to your IP address. Time is of the essence, and you have four hours to comply with this final opportunity for an out-of-court settlement. Please respond immediately to this matter by reaching out to us at XXXX, where we can discuss suitable payment arrangements. We strongly emphasize underestimating the urgency and potential consequences of this situation. Failing to act promptly will lead to the swift commencement of severe legal actions against you. Contact us via email at : XXXX your earliest convenience to discuss how we can assist you in resolving this debt. Regards, Restitution Head Department of l Debt Settlement Contact : XXXX Copyright XXXX XXXX XXXX loan services| Privacy |Terms of use | Carrier",Debt collection,False statements or representation,,,,Fake or misleading legal/debt notice is the core allegation.
37,13582052,19-05-2025,"XXXX XXXX, XX/XX/XXXX This CFPB complaint has been filed to request pursuant to FCRA 605B ( 15 U.S.C. 1681c-2 ) that you, the XXXX credit reporting agency , block information appearing on my consumer credit report that is the result of identity theft and fraud within XXXX XXXXsiness days of you receiving this complaint. This fraudulent, inaccurate, and false information consists of XXXX XXXX XXXX XXXX XXXX XXXX XXXX XXXX XXXX XXXX XXXX XXXXXX/XX/XXXX These accounts have resulted in several fraudulent hard inquiries and fraudulent collections appearing on my consumer FICO credit report. All of the aforementioned accounts, collections, and hard inquiries are the result of identity theft and fraud. I have attached a copy of FTC Identity Theft Criminal Complaint XXXX as proof from the US Federal Trade Commission that all of the aforementioned consumer credit accounts, collections, and hard inquiries are the result of identity theft and fraud.",Credit reporting or other personal consumer reports,Incorrect information on your report,,,,
38,11575913,16-01-2025,"I am writing to formally dispute all negative remarks on my credit report due to the protections afforded under the Servicemembers Civil Relief Act ( SCRA ). As an active duty military service member, I am entitled to specific protections under this federal law. The SCRA prohibits creditors from making negative reports to credit bureaus regarding obligations that are subject to relief under this program. Specifically, creditors must accommodate the financial challenges that arise from military service and can not penalize service members by reporting delinquencies or defaults related to obligations covered under the Act. I request a full investigation into the negative items reported by [ list specific creditors, if known ] on my credit report. Please contact the creditors in question and verify whether their reporting practices comply with SCRA guidelines. If any inaccuracies or violations are found, I ask that these items be promptly removed or corrected on my credit report.",Credit reporting or other personal consumer reports,Incorrect information on your report,,ACCURACY,"""I request a full investigation into the negative items reported on my credit report.""",Negative credit reporting allegedly violates SCRA protections.
39,14186887,21-06-2025,"Unauthorized accounts have appeared on my credit report, and I can confirm that I had no part in opening or authorizing them. I strongly suspect identity theft, and I request that these accounts be deleted from my file immediately. In compliance with 15 U.S. Code 1681g, I request their removal within 15 days. Supporting documentation is included to assist with the resolution.",Credit reporting or other personal consumer reports,Incorrect information on your report,,,,
40,8631653,26-03-2024,I am writing to formally dispute an inquiry listed on my credit report. I have carefully reviewed my credit report and have determined that this inquiry is inaccurate.,Credit reporting or other personal consumer reports,Improper use of your report,,PERMISSIBLE-PURPOSE,"""I am writing to formally dispute an inquiry listed on my credit report.""",Disputes an unauthorized/inaccurate inquiry rather than account data.
41,15799984,08-09-2025,"This CFPB complaint has been filed to request pursuant to FCRA 605B ( 15. U. S. C. 1681c2 ) that you, the TransUnion credit reporting agencys block the information appearing on my consumer credit report that is the result of identity theft, and fraud within four business days of you receiving this complaint. This fraudulent, inaccurateand false information consist of personal credit card accounts, auto loans, personal loansand open end unsecured consumer accounts as follows : INQUIRIES XXXX XXXX XXXX XXXX XXXX XXXX XXXX XXXX XXXX XXXX XXXX XXXX XXXX XXXX XXXX XXXX XXXX XXXX XXXX XXXX XXXX XXXX XXXX XXXX XXXX XXXX XXXX XXXX XXXX XXXX XXXX XXXX XXXX XXXX XXXX XXXX XXXX XXXX XXXX XXXX XXXX XXXX XXXX XXXX XXXX XXXX XXXX XXXX XXXX XXXX XXXX XXXX XXXX XXXX XXXX XXXX XXXX XXXX XXXX XXXX XXXX XXXX XXXX XXXX XXXX XXXX XXXX XXXX XXXX XXXX XXXX XXXX XXXX XXXX XXXX XXXX XXXX XXXX XXXX XXXX XXXX XXXX XXXX XXXX XXXX XXXX XXXX XXXX XXXX XXXX XXXX XXXX XXXX XXXX XXXX XXXX XXXX XXXX XXXX XXXX XXXX XXXX XXXX XXXX XXXX XXXX XXXX XXXX XXXX XXXX XXXX XXXX XXXX XXXX XXXX XXXX XXXX XXXX XXXX XXXX XXXX XXXX XXXX XXXX XXXX XXXX XXXX XXXX XXXX XXXX XXXX XXXX XXXX XXXX XXXX XXXX XXXX XXXX XXXX XXXX XXXX XXXX XXXX XXXX XXXX XXXX XXXX XXXX XXXX XXXX XXXX XXXX XXXX XXXX XXXX XXXX XXXX XXXX XXXX XXXX XXXX XXXX XXXX XXXX XXXX XXXX XXXX XXXX XXXX XXXX XXXX XXXX XXXX XXXXXX/XX/XXXX, Balance : {$0.00} These accounts have resulted in several fraudulent hard inquiries and fraudulent collections appearing on my consumer FICO credit report. Ive attached a list of the hard inquiries in question as well as a copy of the consumer FICO credit report maintained by you which shows the said fraudulent items. I do not recognize these accounts, collections and hard inquiries as reported. The aforementioned accounts, collections and hard inquiries appearing on my consumer credit report maintained by you were not opened, made or initiated by me. All of the said accounts, collections and hard inquiries are a result of identity theft, and fraud. I have attached a copy of the FTC identity theft criminal complaint case number XXXX, XXXX as proof from the US federal trade commission that all of the aforementioned, consumer credit accounts, collections and hard inquiries are in fact a result of identity, theft, and fraud.",Credit reporting or other personal consumer reports,Incorrect information on your report,,,,Identity theft is context; requested remedy is blocking fraudulent information.
42,8425240,26-02-2024,I have tried to send my disputes to the major credit bureaus but are having difficulties in submitting my disputes and getting the inaccurate information corrected on my credit report.,Credit reporting or other personal consumer reports,Problem with a company's investigation into an existing problem,,,,Main complaint is inability to get disputes properly handled.
43,12908254,09-04-2025,"I recently reviewed a copy of my credit report and noticed I had fraudulent accounts on my report. Please remove these accounts from my report, they are hurting my ability to obtain credit.",Credit reporting or other personal consumer reports,Incorrect information on your report,,,,
44,13577166,18-05-2025,"I am filing this complaint regarding three credit accounts ( XXXXXXXX XXXX XXXX XXXX XXXX XXXX XXXX XXXX XXXX XXXXXXXX XXXX that are being reported in a way that is factually inaccurate, misleading, and in violation of the Fair Credit Reporting Act ( FCRA ). I have disputed all three accounts with XXXX, Equifax, and TransUnion. Only XXXX responded appropriately TransUnion and Equifax have failed to correct the accounts or remove legally expired information. XXXX XXXX XXXX XXXX XXXX XXXX XXXX XXXX XXXX XXXX XXXX XXXX XXXX XXXXXX/XX/XXXX Original Balance : {$36000.00} | Current Balance : {$23000.00} Issue : This account was charged off in XX/XX/XXXX and has had no payment activity since XXXX. However, it continues to report monthly charge-off ( "" CO '' ) statuses from XXXX through XX/XX/XXXX. It also falsely lists a "" last payment '' date of XX/XX/XXXX, which is incorrect. These updates make the account appear newer and more active than it is, violating : FCRA 605 ( c ) illegal re-aging FCRA 623 ( a ) ( 1 ) ( A ) furnishing inaccurate/misleading info FCRA 611 failure to correct reporting after disputes I disputed this account with all three bureaus. XXXX failed to correct it. TransUnion and Equifax left it verified, even though the timeline is factually wrong. XXXX. XXXX XXXX XXXX ( Auto Loan ) Opened : XX/XX/XXXX Charged-Off Balance : {$20000.00} Issue : This account is marked as assumed by another party, but it is still reporting ongoing charge-off updates monthly through XXXX. No payment has been made since XXXX, yet it appears as if I am in constant delinquency. I disputed this account as well, and it remains uncorrected by TransUnion and Equifax, despite : FCRA 605 ( c ) re-aging over 6 years FCRA 623 ( a ) ( 1 ) ( A ) furnishing false account responsibility FCRA 611 bureaus failed to investigate and update the record XXXX. XXXX XXXX XXXX XXXX Credit Card ) Opened : XX/XX/XXXX Charge-Off Amount : {$12000.00} Last Payment : XX/XX/XXXX Issue : This account is now at or beyond the XXXX reporting limit defined in FCRA XXXX ( a ) ( XXXX ). The last actual payment was made in XX/XX/XXXX, and the account should be removed by XX/XX/XXXX. I disputed the account with all XXXX bureaus. XXXX deleted it, but Equifax and TransUnion continue to report it, even though the XXXX window for negative information is expiring. The ongoing reporting of this tradeline is : FCRA 605 ( a ) ( 4 ) expired negative information FCRA 611 failure to correct after dispute FCRA 623 continued furnishing of outdated data Summary of Legal Violations ( Across All 3 Accounts ) FCRA 605 ( c ) Illegal re-aging ( monthly COs after charge-off ) FCRA 623 ( a ) ( 1 ) ( A ) False payment dates, misleading account status FCRA 611 Failure to correct or remove inaccurate information after disputes These actions violate consumer protection laws and federal reporting rules. They also contradict federal court rulings including XXXX XXXX XXXX XXXX XXXX XXXX XXXX XXXX XXXX XXXX XXXX XXXX XXXX XXXX XXXX XXXX XXXX XXXX XXXX XXXX XXXX XXXX XXXX XXXX XXXX XXXX XXXX XXXX XXXX XXXX XXXX XXXX XXXX XXXX XXXX XXXX XXXX XXXX XXXX XXXX XXXX XXXX XXXX XXXX XXXX XXXX XXXX XXXX XXXX ) Furnishing false info without correction is a violation Ive done my part. I disputed these accounts. I provided accurate info. Yet TransUnion and Equifax continue to report data that is either expired, re-aged, or false.",Credit reporting or other personal consumer reports,Incorrect information on your report,,,,
45,11713610,24-01-2025,"I am filing a complaint against XXXX for failing to properly investigate my disputes regarding inaccuracies in my credit report. Despite my submissions, XXXX consistently responds within 24 hours stating the account is accurate, without providing any evidence of a thorough investigation. This practice violates the Fair Credit Reporting Act ( FCRA ), 15 U.S.C. 1681i, which mandates a reasonable investigation of disputes. Furthermore, XXXX 's actions may also contravene the Consumer Financial Protection Act ( CFPA ), 12 U.S.C. 5536 ( a ) ( 1 ) ( A ) - ( B ), as highlighted in the CFPB 's recent administrative proceeding ( File No. 2025-CFPB-0002 ) against them for similar violations. I request that the CFPB take action to ensure XXXX complies with federal law and provides consumers with the necessary proof of investigation. These are the accounts that I've marked as inaccurate : XXXX XXXX Account # : XXXX, XXXX XXXX XXXX Account # : XXXX, XXXX Account # : XXXX, XXXX XXXX Account # : XXXX, XXXX XXXX XXXX XXXX Account # : XXXX, OFFICE OF THE ATTY GEN Account # : XXXX",Credit reporting or other personal consumer reports,Problem with a company's investigation into an existing problem,,,,
46,9443176,07-07-2024,"I don't recall having a contractual relationship with this collection company. Please give proof that this account belongs on my credit report and that my rights have not been infringed upon ; otherwise, terminate this account immediately. In compliance to 15 U.S. Code 1692e ( 6 ) Debt collectors are legally obligated to adhere to 15 U.S. Code 1692e ( 6 ), which forbids them from providing false information or insinuating inaccuracies about the nature, amount, or legal standing of a debt. It is against the law to make deceptive statements or misrepresentations concerning the debt being pursued for collection.",Debt collection,Attempts to collect debt not owed,,,,Consumer denies any contractual relationship with the collector.
47,11745965,25-01-2025,Experian and XXXX refuses to delete the following accounts. XXXX XXXX XXXX charge off XXXXXXXX XXXX Its to my under that CFPB has sued these two companies for this same reason they are doing to me. I have provided proof that these accounts do not belong to me and they refuse to delete. These accounts above on my credit report. It Is hurting my financial well being and my life.,Credit reporting or other personal consumer reports,Problem with a company's investigation into an existing problem,,INVESTIGATION,I have provided proof that these accounts do not belong to me and they refuse to delete.,Focus is repeated refusal to delete disputed accounts after proof was provided.
48,21742736,30-04-2026,"This complaint is about Bank of Americas not sending my new credit card overnight -- - as I had asked. That card is used for Medical, doctor appointments, prescriptions, food, and gas. Therefore, I cant go without the card, if they send it snail mail. BACKGROUND On XX/XX/XXXX, I noticed two charges that did not belong on my Bank of America Master Card statement. I called Bank of America on XX/XX/XXXX, at XXXX XXXX, and spoke to a person calling himself XXXX. And explained the fraudulent charges. They were charges, for reservations at the XXXX XXXX XXXX XXXX XXXX, on XX/XX/XXXX, and I did not make them. The reference number for these charges, made on XX/XX/XXXX, were XXXX, and XXXX. I contacted Bank of America, and reported the charges as fraudulent, which they were. Each fraudulent charge was for {$380.00}, or a total of {$750.00}. No confirming email was sent to me, for these fraudulent charges because if an email had been sent, I would have called immediately, and told them to cancel the fraudulent reservations. Emails had been sent to me, for two other reservations I had made that day, which were not fraudulent, so XXXX XXXX system DID have the capability to send confirming emails, if I had made those reservations. The fraudster knows, that the reservations WOULD be cancelled, if he/she sent a confirming email, indicating those reservations had been made so they dont send the email. They let the reservations roll through the system -- - and let the fraudulent charges be placed on a card holders account. I had called XXXX XXXX in XXXX Florida, the week of XX/XX/XXXX, and made two room reservations, for the XXXX XXXX in XXXX. Shortly after I made the reservations, I received confirming emails for both rooms I had ACTUALLY reserved. Those were the only reservations I made that week for XXXX Florida. I did not make any reservations for the XXXX XXXX XXXX XXXX XXXX. And the fact that I did not receive any confirming emails from XXXX XXXX, that reservations had also been made, at the XXXX XXXX XXXX XXXX XXXX, is the tip off, that this fraud was intended. I called Master Card, and they put a fraud dispute in place. I asked Master card to send me paper copies, via USPS MAIL, and I also asked that my credit card be overnighted to me, at my street address. I need my card overnighted, because medical, prescriptions, gas, and food, is paid for, via that credit card. I have an upcoming Medical Appointment, XXXX, XX/XX/XXXX, at XXXX XXXX, and ; I need that card overnighted to me so I have it by then. Alarmingly, I have received no delivery information, from master card, indicating the delivery status on the new credit card, I asked to have overnighted. I am asking the Consumer Financial Protection Bureaus help, on getting my card overnighted to me, so I can keep my medical appointment, XX/XX/XXXX.",Credit card,Trouble using your card,,,,"Main issue is replacement card not being delivered promptly, preventing use."
49,15255789,13-08-2025,"I use this company as third party credit card pocessing service. they constantly put holds for no reason on our funds, they do not collect documents properly for charge backs or disputes and they have terrible customer services based out of he XXXX or XXXX and not updated with XXXX LAWS or policies. they have a charge back with us which we sent them documents and they never submitted our documents to the other bank. the decision was to reverse {$2400.00} in funds and tell us we lost that money and it is a final decision. We sent them plenty of documents showing we are entitled to the money but they reversed {$2400.00} out of our funds with no real resolution. The company is square credit card processing service.","Money transfer, virtual currency, or money service",Problem with customer service,,,,Holds on funds and poor handling of disputes/customer support.
50,7847537,14-11-2023,"I just looked over a copy of my credit report. It said that the credit inquiries mentioned below were the source of the credit inquiry. But I did not authorize these investigations. As these queries are negatively impacting my ability to obtain credit and apply for loans, kindly have them erased from my credit report. Additionally, send me any supporting documents you may have for this request. XXXX XXXX XXXX XXXX XXXX XXXX XXXX XXXX XXXX XXXX XXXX XXXX XXXX XXXX",Credit reporting or other personal consumer reports,Improper use of your report,,PERMISSIBLE-PURPOSE,"""I did not authorize these investigations.""",Unauthorized credit inquiries.
51,16878951,28-10-2025,"The creditor or furnisher is reporting a negative account with inaccurate or incomplete information. I have reviewed my credit report and found errors in the balance, payment history, and/or account status. Under the Fair Credit Reporting Act ( FCRA ) Section 623, furnishers must report accurate and verifiable information. I have requested verification and supporting documentation from the creditor, but they failed to provide proof of accuracy. Please investigate this matter and ensure the information is corrected or deleted if unverified. XXXXXXXX XXXX XXXX ( Original Creditor : XXXX XXXX XXXX ) # XXXX XX/XX/year> -- {$440.00} XXXX XXXX ( Original Creditor : XXXX XXXX XXXX ) # XXXX XX/XX/year> -- {$980.00}",Credit reporting or other personal consumer reports,Incorrect information on your report,,ACCURACY,"""The creditor or furnisher is reporting a negative account with inaccurate or incomplete information.""",
52,9994533,02-09-2024,Please take a look at the attached letters and ID docs for verification that it is I XXXX XXXX XXXX filing this complaint. The stuff on my credit report is wrong and Under 15 U.S. Code 1681b Permissible purposes of consumer reports I never gave any written consent to report anything on my consumer reports no consent is fraud.,Credit reporting or other personal consumer reports,Improper use of your report,,PERMISSIBLE-PURPOSE,"""I never gave any written consent to report anything on my consumer reports.""",Complaint explicitly cites lack of permissible purpose under FCRA §1681b.
53,14631841,14-07-2025,"I was in XXXX XXXX from XXXX XXXX, and made only ONE transaction with my Barclay 's card during that time, and that was for a taxi ride from downtown to my hotel, which should have been in the XXXX XXXXXXXX {$7.00} range. When I returned home, a transaction for {$520.00} appeared on my statement for a XXXX XXXX XXXX XXXX. At no time during my visit did I purchase anything from a clothing store, as the transaction indicates, nor was I ever near the merchant location. The documentation I received from Barclay 's shows the merchant transaction, but not the itemized list of what supposedly was purchased and the signature was not mine. Also, there is no transaction for a taxi ride on my statement. What I believe happened was the taxi driver who took my card charged {$520.00} using the clothing store 's account. Nothing else explains this. I was not given a receipt for the taxi ride, and was made to sign on a small, blank tablet ( no transaction amount was visible ) separate from the phone which the taxi driver was using to generate the transaction. I believe this is a clear case of fraud. Barclay 's insists they are not liable since the merchant did not violate the terms and conditions of the agreement, and by giving the taxi driver my card, I was agreeing to pay whatever amount was charged.",Credit reporting or other personal consumer reports,Incorrect information on your report,,,,
54,8683869,04-04-2024,multiple unrecognized and/or duplicated inquires to my credit file,Credit reporting or other personal consumer reports,Problem with a company's investigation into an existing problem,ABSTAIN,INVESTIGATION,"multiple unrecognized and/or duplicated inquiries to my credit file.""",Main complaint is failure to properly investigate/respond to disputes.
55,13602313,19-05-2025,"I am writing to have the following information removed from my credit file, the items that I need deleted are going to be attached in a word document. I am a victim of identity theft. I have multiple accounts and inquiries that I DID NOT apply for listed on my credit report. I ask that these items be deleted so my credit report will only show accurate information. I reported the theft of my identity to the Federal Trade Commission and have enclosed copies of the report. I would like these items deleted from my credit report as soon as possible. Please block this information from my credit report, pursuant to section 605B of the Fair Credit Reporting Act.",Credit reporting or other personal consumer reports,Incorrect information on your report,,,,
56,9482363,11-07-2024,"I recently reviewed a copy of my credit report and noticed I had fraudulent accounts on my report. Please remove these accounts from my report, they are hurting my ability to obtain credit.",Credit reporting or other personal consumer reports,Improper use of your report,ABSTAIN,PERMISSIBLE-PURPOSE,"""I recently reviewed a copy of my credit report and noticed I had fraudulent accounts on my report.""",Unauthorized inquiry/permissible-purpose complaint.
57,17555666,27-11-2025,"The Fair Credit Reporting Act ( 15 U.S. Code 1681 ) says ( 1 ) The banking system is dependent upon fair and accurate credit reporting. Inaccurate credit reports directly impair the efficiency of the banking system, and unfair credit reporting methods undermine the public confidence which is essential to the continued functioning of the banking system. So whenever there is a violation under the FCRA, it impairs the efficiency of the banking system. This is a violation of my privacy with my consumer report, since I control what is listed and what is not. In the event that any accounts are reported without my written consent, that is considered identity theft. This is a violation of both 15 U.S. Code 1681b ( 2 ) and 15 U.S. Code 1681c-2. This leads way to civil liability against the credit reporting agency for negligent and willful noncompliance under 15 U.S. Code 1681n, which allows for {$1000.00} per violation, for account listed without my expressed written consent.",Credit reporting or other personal consumer reports,Incorrect information on your report,,,,
58,17212981,14-11-2025,"This complaint is valid and requires urgent action. My credit report features inaccuracies that do not uphold the highest accuracy standards. These mistakes are inflicting profound, persistent damage on my life. I require a comprehensive investigation and the immediate correction or deletion of all errors. Addressing this is imperative, not optional.",Credit reporting or other personal consumer reports,Problem with a company's investigation into an existing problem,ABSTAIN,INVESTIGATION,I require a comprehensive investigation and the immediate correction or deletion of all errors.,
59,11617390,20-01-2025,"I have filed multiple disputes with XXXX, XXXX, and Experian regarding incorrect information on my credit report. Despite these efforts, the errors remain unresolved, and no sufficient action has been taken by the credit bureaus. Dispute Reasons & Violations : Failure to Verify Information ( 15 USC 1681i ( a ) ( 1 ) ) : The credit bureaus have not adequately verified the disputed information within the required 30-day period, leaving inaccurate data on my credit report. Failure to Ensure Maximum Accuracy ( 15 USC 1681e ( b ) ) : The information being reported is not the most accurate, and the bureaus have failed to take necessary steps to ensure correctness. Failure to Remove Outdated Information ( 15 USC 1681c ( a ) ( 5 ) ) : The credit bureaus have failed to remove outdated information from my report, which should have been excluded after the statutory period.",Credit reporting or other personal consumer reports,Incorrect information on your report,ABSTAIN,ACCURACY,"""incorrect information on my credit report... the errors remain unresolved.""",
60,8235710,28-01-2024,"Violations of Fair Credit Reporting Act and Privacy Laws I am making this complaint to the CFPB because you are the government entity that is supposed to make these institutions follow the law. well they are not following the law by any means. I ask that you do the job that you were created to do and protect us consumers from these Institutions. and make them answer for their indiscretions. I, XXXX XXXX, the undersigned, am writing to bring to your attention the egregious violations of my rights as a consumer by the consumer reporting agencies XXXX, XXXX and Transunion, hereinafter referred to as the "" Agencies, '' and XXXX, XXXX, XXXX, XXXX, XXXX, XXXX hereinafter referred to as the "" Financial Institutions. '' The violations pertain to the Fair Credit Reporting Act ( FCRA ), 15 USC 1681, and related privacy laws. I. FCRA Section 602 ( a ) - Responsibilities of Consumer Reporting Agencies According to 15 USC 1681 section 602 ( a ), it is mandated that consumer reporting agencies exercise their responsibilities with fairness, impartiality, and respect for the consumer 's right to privacy. The Agencies, have failed to adhere to these obligations. II. FCRA Section 6801 - Privacy Policy of Financial Institutions Pursuant to 15 USC 6801, it is the policy of Congress that each financial institution has an affirmative and continuing obligation to respect the privacy of its customers. The Financial Institutions, as furnishers of information to credit agencies, falls under this definition. The failure to protect the security and confidentiality of my nonpublic personal information is a clear violation. III. FCRA Section 604 ( a ) ( 2 ) - Furnishing Consumer Reports Only with Consumer Consent Under 15 USC 1681 section 604 ( a ) ( 2 ), any consumer reporting agency may furnish a consumer report only in accordance with the written instructions of the consumer to whom it relates. The Financial Institutions and the Consumer Reporting Agencies lack my explicit written consent to furnish my information. IV. FCRA Section 6802 ( b ) ( c ) - Nondisclosure Option According to 15 USC 6802 ( b ) ( c ), a financial institution may not disclose nonpublic personal information to a nonaffiliated third party unless the consumer is informed of their right to exercise the nondisclosure option. The Financial Institutions failed to provide such information, violating my rights. V. FCRA Section 1681C ( a ) ( 5 ) - Limitations on Information in Consumer Reports Pursuant to 15 USC 1681C ( a ) ( 5 ), no consumer reporting agency may include adverse information that antedates the report by more than seven years. The reporting of adverse information without my permission is a blatant violation. VI. FCRA Section 1681s-2 ( A ) ( 1 ) - Furnishing Inaccurate Information Under 15 U.S. Code 1681s-2 ( A ) ( 1 ), a person shall not furnish any information to a consumer reporting agency if they know or have reasonable cause to believe it is inaccurate. The Agencies failed to ensure the accuracy of the information they reported. 1. The following personal information is incorrect Account Number : CURRENT ADDRESS : XXXX XXXX XXXX XXXX XXXX XXXX, FL XXXX 2. The following personal information is incorrect Account Number : LEGAL DOCUMENT PREVIOUS ADDRESS : XXXX XXXX XXXX XXXX XXXX, UT XXXX 3. The following personal information is incorrect Account Number : PREVIOUS ADDRESS : XXXX XXXX XXXX XXXX, UT XXXX 4. Identity Theft XXXX Account Number : XXXX I have included an FTC Report REMOVE/DELETE and BLOCK from my Credit Report per 15 us code 1681 c-2 5. XXXX Account Number : XXXX I have included an FTC Report REMOVE/DELETE and BLOCK from my Credit Report per 15 us code 1681 c-2 VII. FCRA Section 1681e - Maintenance of Reasonable Procedures Pursuant to 15 U.S. Code 1681e, every consumer reporting agency must maintain reasonable procedures to avoid violations of section 1681c of this title and to limit the furnishings of consumer reports to the purposes listeds under section 1681b of this title The "" Agencies '' and "" Financial Institutions '' have neglected to uphold these standards. VIII. 12 CFR 1016.7 - Right to Opt Out As per 12 CFR 1016.7, a consumer may exercise the right to opt out at any time. I am hereby opting out of the reporting services provided by the "" agencies '' and the Financial Instituions '' who clearly violated my rights when they failed to inform me of my right to exercise the nondisclosure option. In light of these flagrant violations, I demand immediate rectification of the inaccuracies and cessation of unauthorized reporting. Failure to comply may result in legal action to protect my rights as a consumer.",Credit reporting or other personal consumer reports,Incorrect information on your report,ABSTAIN,ACCURACY,"""The Financial Institutions and the Consumer Reporting Agencies lack my explicit written consent to furnish my information.""",
61,11525923,14-01-2025,"I am writing to formally request the removal of an unauthorized hard inquiry from my credit report. After carefully reviewing my credit report, I noticed a hard inquiry that I did not authorize. I am concerned that this inquiry XXXX have been made in error or as a result of potential fraudulent activity. As per the Fair Credit Reporting Act ( FCRA ), I am entitled to dispute inaccurate or unauthorized information on my credit report. Since I did not initiate this credit inquiry, it should be removed from my report immediately.",Credit reporting or other personal consumer reports,Improper use of your report,,PERMISSIBLE-PURPOSE,"""I noticed a hard inquiry that I did not authorize.""",Complaint cites FCRA permissible-purpose/privacy provisions rather than data accuracy.
62,13696088,24-05-2025,"I have a XXXX credit card with a XXXX balance. I can sign into my account and the balance is {$0.00}. XXXX XXXX and XXXX are showing I have a balance of over {$6000.00} and a {$10000.00} limit. My limit is only {$3800.00} with a {$0.00} balance. This reported information is completely innacurate. When I disputed this, it was denied. If this is accurate someone else opened a card in my name because this is not mine.",Credit reporting or other personal consumer reports,Incorrect information on your report,,,,
63,12244051,28-02-2025,I AM TRYING TO DISPUTE HARD INQUIRIES THAT I DON'T RECOGNIZE.,Credit reporting or other personal consumer reports,Problem with a company's investigation into an existing problem,,INVESTIGATION,"""I AM TRYING TO DISPUTE HARD INQUIRIES THAT I DON'T RECOGNIZE.""",
64,21050248,08-04-2026,"I applied and received a card for a XXXX purchase on XXXX. I chose payments every XXXX weeks for XXXX weeks with no interest. The first payment of {$81.00} was to be due immediately and I agreed to that. I made the Affirm card for {$320.00} so that it was more than the purchase amount. When I processed the payment, XXXX informed me that the card ( Affirm card ) declined. But I was charged {$81.00} TWICE from Affirm, XXXX came right out of my checking account. When I called Affirm it took two phone calls to get an actual person on the line. I had to speak to an AI agent for several minutes first. When I got a person, they pretended not to hear me- but the AI agent was able to hear me just fine. I have used Affirm in the past but lately, issues like this have come up more frequently and I feel as if they have become more of a scam.",Credit reporting or other personal consumer reports,Incorrect information on your report,,,,
65,12100375,16-02-2025,"I am filing a complaint against Equifax for failing to properly investigate my disputes regarding inaccuracies in my credit report. Despite my submissions, Equifax, Transunion & Experian consistently responds within 24 hours stating the account is accurate, without providing any evidence of a thorough investigation. This practice violates the Fair Credit Reporting Act ( FCRA ), 15 U.S.C. 1681i, which mandates a reasonable investigation of disputes. Furthermore, Equifax 's actions may also contravene the Consumer Financial Protection Act ( CFPA ), 12 U.S.C. 5536 ( a ) ( 1 ) ( A ) - ( B ), as highlighted in the CFPB 's recent administrative proceeding ( File No. XXXX ) against them for similar violations. I request that the CFPB take action to ensure Equifax complies with federal law and provides consumers with the necessary proof of investigation. XXXXXXXX XXXX XXXXXXXX",Credit reporting or other personal consumer reports,Incorrect information on your report,ABSTAIN,ACCURACY,"""the account is accurate, without providing any evidence of a thorough investigation.""",
66,10399080,09-10-2024,"My account with XXXX XXXX was never late! I have had exceptional payment history witH XXXX XXXX and all payments were placed on XXXX. This late payment that is reporting is a result on a systematic error on their end processing my payment. This was clearly a billing error made my the company and is not a reflection of my payment experience which violates USC Code 1681eb. This error has caused severe hard to my reputation, my character, my mode of living and to my family! I demand the late payment reported to be removed. They are not in compliance with the following law. 15 USC 1666b and its requirements set the standards and the guidance for a creditor to treat a payment as late, yet they are reporting a payment as late and they did not comply with the law! 15 USC 1666b ( a ) Time to make payments A creditor may not treat a payment on a credit card account under an open end consumer credit plan as late for any purpose, unless the creditor has adopted reasonable procedures designed to ensure that each periodic statement including the information required by section 1637 ( b ) of this title is mailed or delivered to the consumer not later than 21 days before the payment due date. XXXX XXXX never sent the periodic statement along with the disclosures from section 1637 ( b ). I have requested proof that this information was mailed or delivered 21 days before the payment due date and this information was requested in good faith pursuant rule 1002 and It was never provided. This is unfair, illegal, fraudulent, and not equitable to me as a consumer! Delete the late payments from my consumer reports",Credit reporting or other personal consumer reports,Problem with a company's investigation into an existing problem,ABSTAIN,INVESTIGATION,I have requested proof... and it was never provided.,Repeated disputes with no meaningful investigation are the primary issue.
67,10293042,30-09-2024,"XXXX XXXX XXXX XXXX Ct XXXX XXXX, CA XXXX Email : XXXX Phone : XXXX XXXX XXXX XXXX XXXX XXXX, PA XXXX Equifax XXXX XXXX XXXX XXXX XXXX XXXX XXXX XXXX XXXX XXXX XXXX XXXX XXXX XXXX : Reporting UCC Financing Statement on Debtors Credit Report File No. XXXX Dear XXXX, Equifax, and XXXX, I am writing to report a loan transaction involving XXXX XXXX, which was formalized on XX/XX/XXXX, and filed with the California XXXX of XXXX under XXXX Financing Statement File No. XXXX. I request that this information be included in the credit report of the debtor, XXXX XXXX, for accurate reflection of his obligations. Loan Amount and Terms : On XX/XX/XXXX, I provided a loan of {$10000.00} to XXXX XXXX. The borrower is to make XXXX monthly payments of {$3300.00} each, with the first payment due on XX/XX/XXXX, the second on XX/XX/XXXX, and the third and final payment on XX/XX/XXXX. Collateral : This loan is secured by the following collateral, as specified in the XXXX XXXX ( Account XXXX : XXXX ) : XXXXXXXX XXXX XXXX XXXXXXXX XXXX XXXX, Serial Number : XXXX XXXX. XXXX XXXX XXXX XXXX XXXX XXXX XXXX, Serial Number : XXXX XXXX. XXXX XXXX XXXX, XXXX : XXXX, License Plate : XXXX Collateral Release : Upon full and timely payment of the loan by XXXX XXXX, the collateral will be released to him as agreed. I kindly request that this XXXX filing and loan information be updated in XXXX XXXX 's credit file to ensure the accuracy of his credit obligations. Please let me know if any additional documentation or information is required to process this request. Thank you for your prompt attention to this matter. Sincerely, XXXX XXXX",Credit reporting or other personal consumer reports,Incorrect information on your report,,,,
68,12002147,09-02-2025,"This has been gone going on for over a year, I have reached out 2 attorneys both stating the same thing I entered into a repayment status in XXXX. So it's been 11 years, but but then it disappeared in XXXX around the pandemic, which would explain why it did cuz. In all reality between my grant and the loans, it would be paid off with what I attended for which would be between XXXX to XX/XX/XXXX. When I withdrew, I never finished my freshman year. The Department of Education and XXXX XXXX keep sending a new application for me to fill out even though I've filled-out about 4 or 5 of them in over a year. I have provided cases, documentation of everything I've done. And they time friend, they're accusing me of going to school. There is only one true document and play, and that was electronically signed in XXXX. That is the only true documentation that I can see other than that. Let 's put it this way with the emergency relief program. Trump put in play before he lapped XXXX toward each student. Loan to help them out. My loans were gone with my grant, which I got a grant for over {$10000.00}, which is my school tuition as it pertains to the lawsuit. My school or the school I'm being accused of going to in a wrong year. Which there are documents attached here? Showing that they're billing incorrectly, falsifying documentation as well as I have emails, proving they falsified documentation because they stated, I reapplied to go to school. That is false They also stated they talked to me in the time frame. I supposedly went to school. That is false because little XXXX I talked to said, I told her my caseworker 's name problem is He did not tell me my caseworker 's name. She made up a name and then she never talked to me again. After I caught her in her lie, never reached back out. Never did anything. I even provided her the documentation of the fact that my identity was still never got back to me, which shows that school committed fraud. I want these loans completely discharged. I have flopped with this long enough. And they already got a demand letter and they were supposed to respond by XX/XX/XXXX, but apparently no one can read cause. They were supposed to give me their answer. By XX/XX/XXXX, when my attorney wrote them a demand letter. Now, again, for over a year, I provided ample documentation cases appointments, what I was doing a letter proving that I was on medical bed, rest from my sister, they have every documentation imaginable, but they're choosing not to listen to it, discharge it. It's all I want, because my identity was stolen. And now there is a lawsuit that includes the school they're accusing me to go to which by court order, all student loans must be discharged immediately. XXXX and XXXX which is also connected for my proof that it is part of the lawsuit. See all documentation pertaining to it cause. Ironically, someone reached out to me last year. Passed the time frame that way past time frame that I was supposed to be informed of this, which was back in XXXX. So they withheld information from me as well. That is deceit. And in my opinion fraud for trying to keep a student loan, that number one had identity theft on it and and number 2 was part of a court proceeding, which was included in the discharge again, discharge it with identity theft. And the school committing illegal actions.",Credit reporting or other personal consumer reports,Improper use of your report,ABSTAIN,PERMISSIBLE-PURPOSE,"""I even provided her the documentation of the fact that my identity was...""",Unauthorized inquiry/privacy complaint.
69,9757032,09-08-2024,"These can be combined On my credit report, you have shown incorrect accounts that should not be there at all. This is not only unjust to me, but it's also concerning, because I've never done or made any of the things you accuse me of. If you don't look into these accounts, I'll take legal action against you.",Credit reporting or other personal consumer reports,Incorrect information on your report,,ACCURACY,"""you have shown incorrect accounts that should not be there at all.""",
70,16486077,09-10-2025,"I am disputing the accuracy of the collection account being reported by XXXX/Resurgent Receivables, LLC ( original creditor : XXXX XXXX XXXX Account No. XXXX ). The account reflects a {$1500.00} balance and is marked as an active collection / past due as of XX/XX/year>. No documentation or validation has been provided to confirm ownership or accuracy of this debt under the Fair Debt Collection Practices Act ( FDCPA 809 ). Additionally, under the Fair Credit Reporting Act ( FCRA 623 ), furnishers are required to report complete and accurate information.",Credit reporting or other personal consumer reports,Problem with a company's investigation into an existing problem,,,,
71,13260479,01-05-2025,"XXXX XXXX XXXX XXXX XXXX XXXX XXXX, Florida, XXXX XX/XX/XXXX Consumer Financial Protection Bureau ( CFPB ) XXXX XXXX XXXX XXXX XXXX, IA XXXX Subject : Request for Description of Investigation Process - Disputed Accounts on My Credit Report Dear CFPB Representative, I am writing to formally dispute an inaccurate late payment entry on my credit report, as allowed under the Fair Credit Reporting Act ( 15 U.S. Code 1681i ). This inaccurate reporting has negatively affected my credit profile, and I am requesting an immediate investigation into this matter. Details of the Disputed Late Payment : Creditor Name : XXXX XXXX Account Number : # XXXXXXXX XXXX XXXX XXXX XXXX XXXX XXXX Date of Alleged Late Payment : XX/XX/XXXX I recently reviewed my credit report and noticed an account that was not reporting accurately. I had two late payments on an account that I, in fact, paid on time. The consumer reporting agencies must ensure all reported information is accurate. I have attached a copy of my report with details of the disputed dates. I request that you investigate this account and update these payments to "" Paid On Time '' immediately. Legal Basis for Dispute : Fair Credit Reporting Act ( FCRA ) - 15 U.S. Code 1681i I am exercising my right under this section to dispute inaccurate information on my credit file. The reported late payment does not accurately reflect my payment history, and I am requesting a formal investigation and correction. Truth in Lending Act ( TILA ) - 15 U.S. Code 1637 ( b ) Creditors must provide clear and accurate billing statements to consumers. If this late payment reporting does not align with the terms of my agreement, it constitutes an error that should be rectified immediately. Obligations of Information Furnishers - 15 U.S. Code 1681s-2 Creditors and furnishers must ensure the accuracy of the information reported to credit bureaus. If the creditor can not substantiate the late payment with verifiable documentation, they must remove it from my credit file. Request for Description of Investigation Process : Pursuant to 15 U.S. Code 1681i ( a ) ( 7 ), credit reporting agencies must provide a description of the investigation process within 15 days of receiving a consumers dispute. Therefore, I request a detailed explanation of the procedures used to verify this account. If you can not update my payments to "" Paid On Time, '' please provide the required information regarding your investigative process. Additionally, under 15 U.S.C. 1681 ( a ) ( 2 ) ( A ) ( i ), my consumer report should not contain information solely as to transactions or experiences between the consumer and the person making the report. Payment history and any associated late payments negatively impact my report and must be accurate. Requested Actions : Conduct a thorough investigation and provide a written response within 30 days, as required by law. If the late payment can not be verified, instruct the creditor to update my account status to "" Paid As Agreed, Never Late. '' Notify Experian and TransUnion to reflect the corrected information on my credit report. Provide a detailed description of the investigation process used to verify this account, as required by law. Final Notice : Failure to properly investigate and correct this inaccurate information may result in further actions, including potential escalation to legal authorities for non-compliance with federal consumer protection laws. I have enclosed copies of all supporting documents related to this dispute. Please acknowledge receipt of this complaint and provide a written update within the legally mandated timeframe. Thank you for your prompt attention to this matter. I look forward to your response. Sincerely, XXXX XXXX XXXX",Credit reporting or other personal consumer reports,Incorrect information on your report,,ACCURACY,"""I had two late payments on an account that I, in fact, paid on time.""",
72,12920019,10-04-2025,"I want to stress that I did not give written permission for these specific transactions to be included in my consumer report. At no point did I authorize these entries, and their presence on my report is unwarranted. Consequently, I am formally requesting that these accounts be blocked and removed from my report immediately. It is important to clarify that this request is not due to any error or negligence on my part. There has been no oversight or misunderstanding on my end. Instead, this issue arises solely from the fact that I did not explicitly authorize the inclusion of these transactions in my report. I am diligent about maintaining the accuracy and privacy of my financial records, and these unauthorized entries compromise that integrity. I trust that you will handle this matter with the urgency and seriousness it deserves. Please confirm the removal of these transactions from my report as soon as possible. Thank you for your prompt attention to this issue.",Credit reporting or other personal consumer reports,Incorrect information on your report,,,,Complaint argues inaccurate reporting of charged-off accounts/income reporting.
73,12520653,17-03-2025,"Transunion Experian and Equifax are reporting inaccurate information on my credit report. And continue to violate 15 U.S. Code 8 16815-2 - Responsibilities of furnishers of information to consumer reporting agencies ( a ) DUTY OF FURNISHERS OF INFORMATION TO PROVIDE ACCURATE INFORMATION. This erroneous information is ruining my credibility, and I would like it removed entirely from my credit report. List of inaccurate information : the reporting of XXXX XXXX XXXX XXXX XXXX XXXXXXXX is inaccurate and must be deleted as INCOME DOES NOT GET REPORTED ON THE CONSUMER REPORT, which makes the reporting of these accounts Inaccurate. Once again, 15 U.S. Code 8 16815-2 - Responsibilities of furnishers of information to consumer reporting agencies ( a ) DUTY OF FURNISHERS OF INFORMATION TO PROVIDE ACCURATE INFORMATION PROHIBITION ( A ) Reporting Information with actual knowledge of errors A person shall not furnish any information relating to a consumer to any consumer reporting agency If the person knows or has reasonable cause to believe that the data is inaccurate. Duty : a moral or legal obligation ; a responsibility. Accurate : correct in all details ; exact. PROHIBITION : a law or regulation forbidding something As Defined by the IRS. Even if you didn't receive a Form 1099-C, you must report the canceled debt as gross Income on your tax return. The IRS Clearly defines a charge-off as Gross or Ordinary Income. INCOME DOES NOT GET REPORTED ON THE CONSUMER REPORT, which makes your reporting of this account Inaccurate. Both XXXXXXXX XXXX XXXX XXXX XXXX XXXXXXXX are inaccurate and must be removed.",Credit reporting or other personal consumer reports,Incorrect information on your report,,,,
74,9167946,04-06-2024,I've recently received a copy of my credit reports and noticed several inaccuracies and late payments on my reports. This negative remark has been detrimental to my life and overall credit health.,Credit reporting or other personal consumer reports,Incorrect information on your report,,ACCURACY,"""I've recently received a copy of my credit reports and noticed several inaccuracies and late payments.""","Identity theft is mentioned, but the requested remedy is deletion of fraudulent tradelines."
75,9819802,17-08-2024,I am writing to delete the following information in my file. The items I need deleted are listed in the report.I am a victim of identity theft and did not make the charge. I ask that the items be deleted to correct my credit report. I reported the theft of my identity to the Federal Trade Commission and I also have enclosed copies of the Federal Trade Commissions Identity Theft Affidavit. Please delete the items as soon as possible.,Credit reporting or other personal consumer reports,Improper use of your report,ABSTAIN,PERMISSIBLE-PURPOSE,"""I am a victim of identity theft and did not make the charge.""",Complaint explicitly alleges reporting without written consent/permissible purpose under FCRA §1681b.
76,13266601,01-05-2025,"The Fair Credit Reporting Act ( 15 U.S. Code 1681 ) says ( 1 ) The banking system is dependent upon fair and accurate credit reporting. Inaccurate credit reports directly impair the efficiency of the banking system, and unfair credit reporting methods undermine the public confidence which is essential to the continued functioning of the banking system. So whenever there is a violation under the FCRA, it impairs the efficiency of the banking system. This is a violation of my privacy with my consumer report, since I control what is listed and what is not. In the event that any accounts are reported without my written consent, that is considered identity theft. This is a violation of both 15 U.S. Code 1681b ( 2 ) and 15 U.S. Code 1681c-2. This leads way to civil liability against the credit reporting agency for negligent and willful noncompliance under 15 U.S. Code 1681n, which allows for {$1000.00} per violation, for account listed without my expressed written consent.",Credit reporting or other personal consumer reports,Problem with a company's investigation into an existing problem,ABSTAIN,INVESTIGATION,"""This is a violation... accounts are reported without my written consent.""",Consumer emphasizes bureaus' failure to respond to dispute letters.
77,8356278,16-02-2024,"I have a goal of getting a house as soon as possible but the stuff on my credit report will really put me in trouble. Ive been trying to understand some instances why the credit bureaus may take some time to respond but this is so unprofessional. My name is XXXX XXXX and I am filing this complaint for falsely reporting misleading information. Please take note, it is me personally who is filling this. There is no third party involved. Please review the uploaded letters.",Credit reporting or other personal consumer reports,Incorrect information on your report,,ACCURACY,"""I am filing this complaint for falsely reporting misleading information.""",
78,11907839,03-02-2025,"XX/XX/XXXX Subject : Fourth Round Complaint Regarding Inaccurate Late Payment Reporting on XXXXXXXX XXXX XXXXXXXX Account Dear CFPB, I am filing a formal complaint against Equifax, XXXX, and XXXX for their failure to correct inaccurate information regarding late payments reported on my credit report for the following account : Account Details : Account Name : XXXX XXXX XXXXXXXX Account Number : XXXX High Balance : {$1900.00} ( XXXX and XXXX ), {$0.00} ( Equifax ) Date Opened : XX/XX/XXXX Balance Owed : {$0.00} Closed Date : XX/XX/XXXX ( XXXX XXXX Account Status : Closed ( XXXX and XXXX ), Open ( Equifax ) Payment Status : Late XXXX XXXX ( XXXX and XXXX ), Current ( Equifax ) Credit Limit : {$1700.00} Despite multiple disputes initiated on XX/XX/XXXX, XX/XX/XXXX, and XX/XX/XXXX, the inaccuracies persist. While XXXX has removed the late payments, the Payment Status on the credit report continues to indicate "" XXXX XXXXs Late, '' which is incorrect and misleading. Furthermore, XXXX and Equifax continue to report late payments for XX/XX/XXXX, XX/XX/XXXX, XX/XX/XXXX, XX/XX/XXXX, XX/XX/XXXX, XX/XX/XXXX, XX/XX/XXXX, and XX/XX/XXXX. These dates are inconsistent and unsupported by my payment records. Evidence of Errors and Discrepancies : Payment Status Inconsistencies : XXXX correctly removed late payments but still marks the account as "" XXXX XXXX Late '' in the Payment Status field. XXXX and Equifax continue to report erroneous late payments. Account Status Discrepancies : XXXX and XXXX report the account as Closed, while Equifax lists it as Open. Credit Limit and High Balance : High balance differs across bureaus : {$1900.00} ( XXXX and XXXX ) versus {$0.00} ( Equifax ). Creditor Remarks : Equifaxs remarks state : "" Consumer disputes - reinvestigation in progress, '' yet no corrections have been made. Violations of Federal Laws : 1. Fair Credit Reporting Act ( FCRA ) : 15 U.S. Code 1681i : Credit bureaus must ensure the accuracy of information and reinvestigate disputes thoroughly. 15 U.S. Code 1681e ( b ) : Credit reporting agencies are required to maintain maximum possible accuracy in consumer reports. 2. Truth in Lending Act ( TILA ) : 15 U.S. Code 1666b : Creditors must send periodic statements at least 21 days before payment due dates. Late payment reporting suggests non-compliance. 3. Protection Against Non-Payment of Obligations Act ( PAANL ) : Reinforces the necessity of timely and accurate disclosures to prevent unfair penalties. Desired Resolution : Immediate removal of the inaccurate late payment notation from my credit report across all three credit bureaus. Correction of the Payment Status field to "" Paid as Agreed '' or equivalent. Written confirmation of all corrections made. I request the CFPBs intervention to ensure compliance with federal laws and to hold Equifax, XXXX, and XXXX accountable for their negligence in addressing this matter. Enclosed are copies of my previous dispute letters dated XX/XX/XXXX, XX/XX/XXXX, and XX/XX/XXXX, along with supporting documentation. Thank you for your prompt attention to this matter. Sincerely, XXXX XXXX XXXX",Credit reporting or other personal consumer reports,Incorrect information on your report,,ACCURACY,"""failure to correct inaccurate information regarding late payments.""",
79,18212513,22-12-2025,"The Fair Credit Reporting Act ( 15 U.S. Code 1681 ) says ( 1 ) The banking system is dependent upon fair and accurate credit reporting. Inaccurate credit reports directly impair the efficiency of the banking system, and unfair credit reporting methods undermine the public confidence which is essential to the continued functioning of the banking system. So whenever there is a violation under the FCRA, it impairs the efficiency of the banking system. This is a violation of TILA US Code 1666B since I was never late. "" I recently reviewed my consumer report and noticed an incorrect late payment record. I have always maintained timely payments on this account. Under the Fair Credit Billing Act ( FCBA ) and the Truth in Lending Act ( TILA ), creditors are required to accurately report consumer transactions and provide a mechanism for correcting errors in a timely manner. Please conduct an investigation into this matter, and if you can not provide documentary evidence of these supposed late payments, I demand these payments to be updated to on time as they should be as I was NEVER late. I expect these updates to be made promptly, in compliance with the law. XXXX - XXXX",Credit reporting or other personal consumer reports,Incorrect information on your report,,,,
80,12372592,07-03-2025,"I am writing to dispute the accuracy of certain information in my credit report. I am aware of the recent lawsuit filed by the Consumer Financial Protection Bureau ( CFPB ), alleging violations of the Fair Credit Reporting Act ( FCRA ), including failures to properly investigate consumer disputes and the reinsertion of inaccurate information. I believe the following inaccuracies in my credit report may be reflective of the issues raised in this lawsuit. I kindly request that you investigate and correct the disputed items : 1. XXXX : a. AccountName : XXXX XXXX : XXXX XXXX : Closed Payment Status : Seriously past due date/ assigned to attorney/collection agency. 2. XXXX XXXX XXXX XXXX XXXX XXXX XXXX XXXX XXXX XXXX XXXX XXXX XXXX XXXX XXXX XXXX XXXX XXXX XXXX XXXXXXXX XXXX XXXX XXXX XXXX XXXXXXXX XXXX XX/XX/23 XXXX XXXX XXXX XXXX XXXX XXXX XXXX XXXX XX/XX/23 XXXX XXXX XXXX XXXX XXXX XXXX XXXX XX/XX/23",Credit reporting or other personal consumer reports,Incorrect information on your report,,,,
81,8927808,05-05-2024,"This debt collector engaged in abusive, deceptive and unfair practices of the FDCPA which prohibits. They furnish this account that we didnt agree upon and I didn't sign an agreement on. A legal contract is signed by two parties and I did not participate in any of it, more so they didnt follow the proper 5 step validation procedure which makes this unfair practices. According to FDCPA Im entitled to {$1000.00} per violation and clearly they violated my rights.",Debt collection,Attempts to collect debt not owed,,,,Consumer denies agreeing to or owing the alleged debt.
82,7501903,05-09-2023,"NOTICE AND DEMAND FOR CEASE AND DESIST FOR ACCOUNT # XXXX To Whom It May Concern : I have asked you to validate the alleged debt that you claim that I owe, and all you have provided me are statements and signatures to an account that you can not prove is mine. You have violated my consumer rights under the Fair Debt Collection Practices Act ( FDCPA ) 15USC 1692 ( g ) - Failure to validate this alleged debt. I refuse to pay this alleged debt until the proper validation of this debt is provided. Please cease and desist all collection activities until you can properly validate this alleged debt. 15 USC 1692c ( c ) Ceasing communication If a consumer notifies a debt collector in writing that the consumer refuses to pay a debt or that the consumer wishes the debt collector to cease further communication with the consumer, the debt collector shall not communicate further with the consumer with respect to such debt. If proper validation of this alleged debt is not provided within 30 calendar days of receiving this notice, I will assume this alleged debt to be invalid and you shall delete this account and stop all collection activities regarding this account. Furthermore, you do not have any jurisdiction or authority to even collect on this alleged debt. FDCPA 811 [ 15 USC 1692i ] Legal actions by debt collectors ( a ) Venue Any debt collector who brings any legal action on a debt against any consumer shall -- ( 1 ) in the case of an action to enforce an interest in real property securing the consumer 's obligation, bring such action only in a judicial district or similar legal entity in which such real property is located ; or ( 2 ) in the case of an action not described in paragraph ( 1 ), bring such action only in the judicial district or similar legal entity -- ( A ) in which such consumer signed the contract sued upon ; or ( B ) in which such consumer resides at the commencement of the action. ( b ) Authorization of actions Nothing in this subchapter shall be construed to authorize the bringing of legal actions by debt collectors. By the way, if you ever decide to turn this alleged debt over to an attorney to collect and violate my rights under the FDCPA 15USC 1692 even further, just keep in mind that an attorney can not be a debt collector and a debt collector can not be an attorney. FDCPA 807 [ 15 USC 1692 ( e ) ( 3 ) ] False or misleading representations A debt collector may not use any false, deceptive, or misleading representation or means in connection with the collection of any debt. Without limiting the general application of the foregoing, the following conduct is a violation of this section : The false representation or implication that any individual is an attorney or that any communication is from an attorney. With all that was said above, for each VIOLATION of the FDCPA that you have committed I am entitled to {$1000.00} per violation. You dont believe me? Ok, let me show you what the law says : FDCPA 813 [ 15 USC 1692k ] Civil liability ( a ) Amount of damages Except as otherwise provided by this section, any debt collector who fails to comply with any provision of this subchapter with respect to any person is liable to such person in an amount equal to the sum of -- ( 1 ) any actual damage sustained by such person as a result of such failure. ( 2 ) ( A ) in the case of any action by an individual, such additional damages as the court may allow, but not exceeding {$1000.00}. Your Options are as follows : Delete this account and cease and desist with all collection activities. Settlement ; or We go to court and you incur lawyer fees, plus pay me {$1000.00} per violation along with more in damages. Sincerely, XXXX",Debt collection,Written notification about debt,,,,Consumer's primary complaint is failure to properly validate the debt after requesting verification.
83,15305621,15-08-2025,"I recently gained access to my credit report and seen some inaccurate items and information. These errors have caused me great financial distress and im demanding proof of documentation showing permission consent with signature. Please help me in removing deleting these fraudulent accounts off of my report : XXXX/DOFED XXXX - Date Opened : XX/XX/XXXX - {$7600.00}, XXXX/DOFED - XXXX - Date Opened : XX/XX/XXXX - {$5900.00}, XXXX/DOFED XXXX - Date Opened : XX/XX/XXXX - {$7500.00}, XXXX/DOFED XXXX - Date Opened : XX/XX/XXXX - {$5800.00}, XXXX/DOFED XXXX - Date Opened : XX/XX/XXXX - {$3600.00}, XXXX/DOFED XXXX - Date Opened : XX/XX/XXXX - {$2800.00}, XXXX/DOFED - XXXX - Date Opened : XX/XX/XXXX - {$7700.00}, XXXX/DOFED - XXXX - Date Opened : XX/XX/XXXX - {$5900.00} ; fraudulent inquiries off of my report : CXXXX XXXX XXXX XXXX XXXX XXXX XXXX XXXX XXXX XXXX XXXX XXXX XXXX The Fair Credit Reporting Act ( 15 U.S. Code 1681 ) says ( 1 ) The banking system is dependent upon fair and accurate credit reporting. Inaccurate credit reports directly impair the efficiency of the banking system, and unfair credit reporting methods undermine the public confidence which is essential to the continued functioning of the banking system. So whenever there is a violation under the FCRA, it impairs the efficiency of the banking system. This is a violation of my privacy with my consumer report, since I control what is listed and what is not. In the event that any accounts are reported without my written consent, that is considered identity theft. This is a violation of both 15 U.S. Code 1681b ( 2 ) and 15 U.S. Code 1681c-2. This leads way to civil liability against the credit reporting agency for negligent and willful noncompliance under 15 U.S. Code 1681n, which allows for {$1000.00} per violation, for account listed without my expressed written consent.",Credit reporting or other personal consumer reports,Incorrect information on your report,,,,
84,10948841,27-11-2024,"I am filing this complaint against TransUnion for its failure to comply with the Fair Credit Reporting Act ( FCRA ) by reporting inaccurate and incomplete information regarding the XXXX section of my credit report. The discrepancies outlined below violate my rights under the FCRA and unfairly impact my credit history. Identified Discrepancies Reference Number : TransUnion reports the reference number as XXXX, while other credit bureaus list it as XXXX, indicating an inconsistency in the information reported. Court Identification : TransUnion identifies the court as XXXX XXXX XXXX, but another bureau lists it as XXXX XXXX XXXX XXXX XXXX, showing a lack of uniformity and accuracy in reporting. Violations of the FCRA XXXX. Section XXXX ( a ) ( XXXX ) : I am entitled to a credit report that includes accurate and complete information. The discrepancies in the XXXX section demonstrate that this requirement has not been met. XXXX. Section XXXX ( b ) : Credit reporting agencies are required to ensure maximum possible accuracy in the information they report. The inconsistencies in the reference number and court identification indicate a failure to adhere to this obligation. XXXX. Section XXXX ( a ) : Under this section, TransUnion is required to delete or correct inaccurate or incomplete information within the legally mandated XXXX period after a dispute is filed.",Credit reporting or other personal consumer reports,Incorrect information on your report,,,,
85,10303277,02-10-2024,"This inquiry was not authorized by me, and I did not communicate with this lender on the specified date.",Credit reporting or other personal consumer reports,Improper use of your report,,,,Unauthorized hard inquiry without consent is a permissible-purpose issue.
86,10355829,05-10-2024,"In accordance with the Fair Credit Reporting act convergent Account name XXXX, account # XXXX, has violated my rights. 15 U.S.C 1681 section 602 A. states I have the right to privacy. 15 U.S.C 1681 Section 604 A Section 2 : It also states a consumer reporting agency can not furnish a account without my written instructions.",Credit reporting or other personal consumer reports,Improper use of your report,,,,Complaint focuses on FCRA privacy rights and unauthorized reporting.
87,11886886,01-02-2025,"When I made the decision to use my rights under FCRA, it was with an eye on challenging any information found in credit reports that are not accurate.By fighting back against this injustice, I am ensuring that the information on my credit report is accurate and reliable.I have every right to challenge any inaccuracies in a manner compliant with federal law when they are negatively affecting me financially because of their accuracy or completeness.This is just an allegation. There's no proof that I'm delinquent or derogatory, so how can you report this? With all due respect, the claims within my report are wrong! You have to follow proper procedures if these claims are in your system and to be used in my credit reports! I challenge the accuracy and fairness of your findings by demanding evidence before you make any claims and take such drastic measures against my reputation.I know that you cant just decide which rules apply to your organization, so I won't let anyone report any false claims. it's important to make sure all of your claims are accurate and reported in the correct format- this is required by law ( FCRA ) as well as Metro 2 standards For any negative account I demand documentation / proof proving why your company considers it delinquent or derogatory. You have yet to provide me records documenting how your company verified and validated these accounts/ claims. Your proof of each negative claim you placed on my credit report should also include proof of a permissible purpose for any inquiry into the account. It's time for me to get my life back! I need you to send over some physical proof of what has been done and an updated credit report.Either confirm that this matter has been reported correctly or remove it from the report immediately. I am giving you 30 days to investigate.These allegations are without merit. Please provide accurate and verified information for each claim. If any of these claims are not true, please delete them immediately so I can restore my good name. Below is a summary of the data in which I am challenging : Summary of Accounts being challenged in list form XXXX XXXX XXXX XXXX ( XXXX ) - ( XXXX ) XXXX XXXX XXXX XXXX XXXX ( XXXX ) - ( XXXX ) XXXX XXXX XXXX ( XXXX ) - ( XXXX ) XXXX XXXX XXXX XXXX XXXX - XXXX TransUnion TransUnion Account XXXX XXXX XXXX XXXX Account XXXX XXXX Individual Account Rating : XXXX CollectionOrChargeOff Account Status : XXXX Closed Account Type : XXXX Revolving Balance Owed : XXXX {$31000.00} Closed Date : XXXX Credit Limit : XXXX XXXX Creditor Remarks : XXXX XXXX XXXX XXXX XXXX Creditor Type : -Finance Date Opened : XXXX XXXX Date Reported : XXXX Date of Last Activity : XXXX XXXX Dispute Status : XXXX XXXX High Balance : XXXX {$34000.00} Last Payment : XXXX Last Verified : XXXX XXXX Past Due Amount : XXXX CollectionOrChargeOff XXXX TransUnion XXXX XXXX XXXX XXXX, PA XXXX Payment Frequency : XXXX Term Length : XXXX -- - The account XXXX XXXX XXXX XXXX XXXX with the number XXXX is inaccurately reporting a rating of CollectionOrChargeOff on my credit report. As a consumer, I have the right to dispute any inaccurate information, and I hereby demand the immediate deletion of this account. Upon reviewing my credit report, I noted that the account is reported as opened on XXXX and shows a date of last activity as XXXX. These details are inaccurate and must be corrected without delay. Additionally, the report lists a last verified date of XXXX. As per the Fair Credit Reporting Act ( 15 U.S.C. 1681 ), you are required to provide me with the specific information and methods used to verify the accuracy of this account. I also demand documented proof of the claimed balance of {$31000.00}, which I firmly dispute. In XXXX XXXX Trans Union XXXX, XXXX XXXX XXXX ( XXXXXXXX XXXX XXXXXXXX ), the courts emphasized the responsibility of credit reporting agencies to verify disputed information thoroughly. Similarly, XXXX XXXX XXXX, XXXX, XXXX XXXX XXXX ( XXXXXXXX XXXX XXXXXXXX ) reinforced that inaccurate or unverifiable information must be removed. Lastly, XXXXXXXX XXXX XXXX XXXX XXXX, XXXX XXXX XXXX ( XXXX XXXX XXXX ) further establishes that consumer reports must be accurate and complete. I trust you will comply with these legal standards and promptly address this dispute. Also, see the image above for XXXX XXXX XXXX XXXX ( XXXX ) XXXX ( XXXX ). Ive highlighted and circled additional areas of concern. Upon inspecting High Balance ( XXXX ) exhibiting {$34000.00}. The federal and state regulations are a necessary component in ensuring that your company is run responsibly. I can't imagine how we would operate if they were not obeyed! So, let 's take this opportunity for you to show me proof of your adherence to applicable compliance standards for this particular account. Viewing Creditor Type ( - ) demonstrating Finance. You are in serious trouble if you can't provide proof that this account has been compliant with all current regulations! I need evidence to back up your claims. Show me how exactly does it meet these requirements? Upon inspecting Balance Owed ( XXXX ) exhibiting {$31000.00}. These discrepancies are alarming and I'm confident you'll resolve them quickly. Please review the account with a fine tooth comb, as it appears that something isn't quite right here! The data appears inaccurate or inconsistent with established reporting standards of the XXXX. I was looking at Last Verified ( XXXX ) expressing XXXX and I am shocked to see that there are numerous reported compliance breaches! The data for my account must be accurate, which can only happen if no deviations from standards for reporting exist. It's imperative that you ensure 100 % accuracy with all compliance standards! You must maintain the integrity of my information. Please delete this account from my credit report immediately. Viewing Account Description demonstrating Individual. I am reaching out to you because the content of this account does not meet Metro 2 Format requirements. I challenge anyone who uses these reports and their process, including following standard procedures for accuracy in reporting if unable then clearly my credit score has been challenged by inaccuracies on files which need fixing before anything else can happen with these accounts!. Credit Reports should represent financial standing while adhering strictly towards compliance standards ; otherwise my ability as an individual will be questioned based off what's included within them without verification from another source such as bank statements or other documents related directly toward finances. Please fix this account immediately! Page XXXX of XXXX XXXX XXXX XXXX XXXX - XXXX TransUnion TransUnion Account XXXX : XXXX XXXX Account Description : Individual Account Rating : XXXX AsAgreed Account Status : XXXX Closed Account Type : XXXX Revolving Balance Owed : XXXX {$260.00} Closed Date : XXXX Credit Limit : XXXX XXXX Creditor Remarks : XXXX ACCOUNT CLOSED BY CONSUMER Creditor Type : -Finance Date Opened : XXXX XXXX Date Reported : XXXX Date of Last Activity : XXXX XXXX Dispute Status : XXXX XXXX High Balance : XXXX {$38000.00} Last Payment : XXXX Last Verified : XXXX XXXX Past Due Amount : XXXX Payment Amount : XXXX {$15.00} Payment Frequency : XXXX Payment Status : XXXX AsAgreed Term Length : XXXX Loan Type : XXXX I came across an error on my credit report that I need you to fix right away. It's with the account named XXXX XXXX XXXX XXXX, account number XXXX. It's showing late payments for the year XXXX, in the month of XXXX, and that's not correct.I need you to update it to never late and paid as agreed, and I also want to see the information you used to verify this account. It's essential that this gets sorted out quickly, because these late payments are impacting my ability to get financing Also, see the image above for XXXX XXXX XXXX XXXX ( XXXX ) XXXX ( XXXX ). Ive highlighted and circled additional areas of concern. Upon inspecting Payment Amount ( XXXX ) exhibiting {$15.00}. I am writing to challenge the accuracy and compliance reports about this account. I believe there may be some issues with how it is being reported, which could affect future loans or decisions based on those wrong assumptions. Please provide proof that all proper procedures were followed so our records contain accurate information regarding myself! Upon inspecting Date Reported ( - ) exhibiting XXXX. There are certain things I can not live without. One of those necessities is compliance with federal and state regulations! So, how did you manage to comply? Prove your compliance by showing me some proof! When I scrutinized XXXX XXXX ( XXXX ) presenting {$38000.00}. It appears there is a problem with the data reported because it doesn't meet required standards. The information may not be accurate due to deviations from what's needed in compliance with Metro 2 guidelines, so You must XXXX XXXX of XXXX make sure all fields are filled out correctly according to those standards PRIOR to adding anything to my credit profile! Lets examine Date of Last Activity ( XXXX ) showing XXXX Compliance with XXXX XXXX XXXX is paramount to ensure accurate data reporting. There can be NO deviation from these mandatorily required fields, or it would compromise the integrity of all reported information. When reviewing this account, apparent inaccuracies call into question the entire account! XXXX XXXX - XXXX TransUnion TransUnion Account XXXX : XXXX XXXX Account Description : Individual Account Rating : XXXX CollectionOrChargeOff Account Status : XXXX Closed Account Type : XXXX Revolving Balance Owed : XXXX {$0.00} Closed Date : XXXX Credit Limit : XXXX XXXX Creditor Remarks : XXXX SETTLED - LESS THAN FULL BALANCE Creditor Type : -Banking Date Opened : XXXX XXXX Date Reported : XXXX Date of Last Activity : XXXX XXXX Dispute Status : XXXX XXXX High Balance : XXXX {$5800.00} Last Payment : XXXX Last Verified : XXXX XXXX Past Due Amount : XXXX Payment Amount : XXXX {$0.00} Payment Frequency : XXXX Payment Status : XXXX CollectionOrChargeOff Term Length : XXXX Loan Type : XXXX I found an error with account XXXX XXXX ( XXXX ) on my credit report. It says CollectionOrChargeOff, with dates XXXX and XXXX. This needs fixing because its hurting my credit. By law, 15 U.S.C. 1681i, I ask that you delete this account and show proof of the {$0.00}. Also, see the image above for XXXX XXXX ( XXXX ) XXXX ( XXXX ). Ive highlighted and circled additional areas of concern. I want to bring to your attention XXXX XXXX ( XXXX ) reporting XXXX. I believe that this account is not compliant with the standards and its reporting ability. As you know, compliance with regulatory mandates such as those set out by federal or state governments are essential for accurate credit card transactions? Prove to me how your information was able meet these high expectations by providing documents which prove otherwise!? When I scrutinized XXXX XXXX ( XXXX ) presenting XXXX I noticed some issues! You know that I'm a hard-working individual, but there are some things on my credit report which do not reflect the truth. The accuracy of your reports depend on how thoroughly you follow the standards set by Metro 2. If I can't trust what's in my credit report, then there is no point to having one at all!. This account doesn't follow the required standards, and I challenge you to prove that everything is perfect in my report! Lets take a look at Account Description reporting Individual. The data reported doesn't meet the required standards. It could be inaccurate because it deviates from what's allowed, so make sure all fields are correct before adding anything to my credit report Lets examine Dispute Status ( XXXX ) showing XXXX I bet you can't wait until I'm done with this account! The compliance standards are really important, and your reporting ability is clearly lacking. As we know from the news lately -- inaccurate credit records lead to higher interest rates on loans or even worse... Prove that all information for this particular account has been verified. I was looking at XXXX XXXX ( XXXX ) expressing {$0.00}. The accuracy of what youre reporting for this account is in question, and as such I demand that it be fixed immediately or else there will be legal action taken against you. When I scrutinized Date of Last Activity ( XXXX ) presenting XXXX. The information reported doesn't seem to meet the standards set by Metro 2 guidelines. You must make sure all fields are filled out correctly and in 100 % compliances prior adding anything onto my credit profile! Please remove this inaccurate record from my report or provide proof of your compliance with applicable standards. Appreciatively I have listed the concerns I have about your reporting in this document. It is not complete and does not meet my standards. According to the law, you and the data furnishers must certify all aspects of the required FCRA and Metro 2 compliance. This must be done in a truthful, correct, complete, and timely manner as to not violate my consumer and civil rights. XXXX XXXX Please send your written response to my address of XXXX XXXX XXXX # XXXX, XXXX, LA XXXX I am aware that you have been sending out form letters in response to many of the disputes and challenges that consumers have submitted, regardless of the specific information that they have provided. This is illegal, as each dispute and challenge must be addressed individually and on its own merits.My letters were created using software that is available to everyone. If you don't process my letters, you are violating 15 U.S. Code 5 1681i. Keep in mind, you are not allowed to delay processing letters from consumers based on the assumption that help from a third party may be available. This is not a legal exception.I am the author of any letters you receive with my name on them. Either I or my advisors wrote them with my full knowledge and consent. I am aware that there is no law that says you need to provide a Power of Attorney in order to delay processing letters from a consumer.If you do not process my letters in a timely manner, I will consider it to be an intentional disregard of my rights as a consumer. I will then contact my lawyer to take legal action. Page XXXX of XXXX",Credit reporting or other personal consumer reports,Improper use of your report,ABSTAIN,PERMISSIBLE-PURPOSE,"""Your proof of each negative claim... should also include proof of a permissible purpose.""",Complaint focuses on FCRA privacy rights and unauthorized reporting.
88,10866019,21-11-2024,"I am writing to dispute the continued presence of inaccurate name and addresses on my credit report. Despite prior disputes, these incorrect name and addresses remain listed : These name and addresses do not belong to me and are irrelevant to my credit history. I have previously submitted documentation confirming my correct name and addresses, but these errors persist, violating the Fair Credit Reporting Act ( FCRA ). Their continued presence could negatively impact my credit report. XXXX XXXX XXXX XXXX XXXX XXXX, XXXXXXXX XXXX XXXX XXXX XXXX XXXX XXXX XXXX XXXX XXXX XXXX XXXX XXXX XXXX XXXX XXXX XXXX XXXX XXXX XXXX XXXX XXXX XXXX XXXX XXXX XXXX XXXX XXXX XXXX XXXX XXXX XXXX XXXX XXXX XXXX XXXX XXXX",Credit reporting or other personal consumer reports,Incorrect information on your report,,,,
89,11300289,27-12-2024,"I AM SUBMITTING THIS WITHOUT ANY INFLUENCE AND THIS IS NOT A THIRD PARTY. THE CREDIT BUREAUS STATED MY ACC WAS PROPERLY INVESTIGATED BUT HOW IS THAT POSSIBLE IF THE OPEN DATE IS INACCURATE, THE DATE LAST ACTIVE IS INACCURATE, AND THE DATE LAST REPORTED IS NOT ACCURATE? THIS GROUND FOR REMOVAL, THEY ALSO VIOLATED MY RIGHTS UNDER 15 U.S.C 1681 SECTION 602 A. STATES I HAVE THE RIGHT TO PRIVACY. 15 U.S.C 1681 SECTION 604 SECTION 2. IT ALSO STATES A CONSUMER REPORTING AGENCY CAN NOT FURNISH AN ACCOUNT WITHOUT MY WRITTEN INSTRUCTIONS. PLEASE SEE ATTACHED LETTERS.",Credit reporting or other personal consumer reports,Incorrect information on your report,,,,
90,8379819,20-02-2024,"Consumer Financial Protection Bureau XXXX XXXX XXXX XXXX XXXX DC XXXX Subject : Complaint Regarding Overdraft Fees and Locked Card Policy by Bank of America Dear Consumer Financial Protection Bureau, I am writing to file a formal complaint against Bank of America regarding a policy that allows payments to be posted even when a debit card is locked, resulting in overdraft fees. This practice has affected not only my accounts but, as I understand, has also been a significant issue for minority business owners disproportionately impacted by such fees. Account Details : Bank Name : Bank of America Account Number : [ Your Account Number ] ( Please omit or redact for security ) Incident Dates : [ Specific dates of the incidents ] Description of the Issue : On several occasions, despite having my debit card locked ( a feature offered by the bank for security purposes ), transactions were allowed to be processed, leading to my account being overdrawn. These instances resulted in overdraft fees being charged to my account despite my preventive measures to lock the card and avoid such situations. This indicates a systemic issue within Bank of America 's transaction processing and account management policies. I have attempted to resolve this matter directly with Bank of America through their customer service department. However, the responses could have been better, with no proper explanation or rectification of the charges provided. The persistence of this issue, alongside the historical context of Bank of America 's handling of overdraft fees, especially concerning minority business owners, raises serious concerns about the fairness and integrity of the bank 's practices. Request for Investigation : I urge the Consumer Financial Protection Bureau to thoroughly investigate this matter, focusing on my accounts and similar accounts that may have been adversely affected by Bank of America 's policies regarding locked cards and overdraft fees. It is crucial to ascertain the extent of this issue and ensure appropriate corrective measures are taken to prevent future occurrences. Moreover, investigating whether these practices disproportionately affect minority business owners would be critical in safeguarding the rights and interests of vulnerable customer segments. I am willing to provide further details and documentation as required to support this complaint. I look forward to your prompt response and action on this matter. Thank you for your attention to this issue and ongoing efforts to protect consumers.",Checking or savings account,Problem caused by your funds being low,,,,Complaint centers on overdraft fees and the bank's card-lock policy.
91,16375835,05-10-2025,"According to U.S.C. 1681 is the primary section of theFair Credit Reporting Act ( FCRA ), a federal law establishingCongressional findings and the statement of purposefor the subchapter concerning consumer reporting agencies.It requires these agencies to adopt fair and equitable procedures for collecting, evaluating, and using consumer information to ensure confidentiality, accuracy, and relevancy.The FCRA protects the privacy of consumer information used by credit reporting agencies for purposes like determining credit worthiness.",Credit reporting or other personal consumer reports,Incorrect information on your report,,ACCURACY,"""ensure confidentiality, accuracy, and relevancy.""",
92,12090528,15-02-2025,I received a collection notice from this company. I did not make a bill with this company. I tried contacting them for more information about this bill and I have not received a response. I went to the company at the XXXX XXXX location and this company is no longer there. This company didn't provide me any services.,Debt collection,Attempts to collect debt not owed,,,,Consumer states they never incurred the debt and cannot obtain supporting information.
93,8086161,31-12-2023,I contacted PayPal on XX/XX/ around XXXX to let them know that my account had been compromised and used while I on there for {$1500.00} I also told them to close my account to prevent further usage of it. They did not do that. They told me they would resolve the issue in 10 days. Its been past 10 days and still nothing. I called and spoke with a lady named XXXX and she told that the case has been resolved and that money would be refunded back to my PayPal balance the next day. However it was not and I called back and could not get an answer from anyone. I spoke with XXXX ( a representative ) and he told me I should have had my money as well if it past the 10 day investigation period.,"Money transfer, virtual currency, or money service",Fraud or scam,,,,Account compromise and unauthorized PayPal transactions are the core issue.
94,11246926,22-12-2024,The company XXXX is reporting a hard inquiry on my credit report without my knowledge or consent. I have not done any business with this company it is no reason they should be sharing my personal information. They inquired on XX/XX/XXXX and set it to continue until XX/XX/XXXX. XXXX is in violation of 15 USC 1681b- Permissible purposes of consumer reports. This code states a consumer reporting agency may furnish a report only under these circumstances. XXXX. In accordance with the written instructions of the consumer in whom the report relates. XXXXThey need your written consent to add anything to your consumer report if you did not give this authorization that is a violation of the Fair Credit Reporting Act,Credit reporting or other personal consumer reports,Improper use of your report,,,,Unauthorized hard inquiry reported without knowledge or consent.
95,8370500,18-02-2024,"Recently I checked my credit report and noticed multiple billing errors under 15 U.S. Code 1666 ( b ) billing error ( 4 ) The creditors failure to reflect properly on a statement a payment made by the obligor or a credit issued to the obligor. ( 5 ) A computation error or similar error of the accounting nature of the creditor on a statement. As I know the creditor didn't notify me 21 days before with a statement so there should be no late payments on these accounts. I demand to see hard solid proof from the creditor bank account that I didn't pay and was marked late because this clearly a billing error. The items below should all be updated to paid as agreed on my consumer report. 1. I was never late and this is inaccurate and an FCRA violation. XXXX Account Number : XXXX Please correct/update this inaccurate information on my credit report. 2. I was never late and this is inaccurate and an FCRA violation. XXXX XXXX Account Number : XXXX Please correct/update this inaccurate information on my credit report. 3. I was never late and this is inaccurate and an FCRA violation. XXXX Account Number : XXXX Please correct/update this inaccurate information on my credit report. 4. I was never late and this is inaccurate and an FCRA violation. XXXX XXXX Account Number : XXXX Please correct/update this inaccurate information on my credit report. 5. Late Payment Law Letter finance charge XXXX Account Number : XXXX Please correct/update this inaccurate information on my credit report. As a consumer by law, these accounts on this letter must be updated or I will seek monetary compensation for violation of my rights in small claims court in my city and state under 15 USC 1681n civil liability because Ive been violated.",Credit card,Problem with a company's investigation into an existing problem,,,,Billing-error dispute focuses on the card issuer's handling of the investigation.
96,12330487,05-03-2025,"I have not supplied proof under the doctrine of estoppel by silence, XXXX XXXX XXXXXXXX XXXX XXXX XXXX XXXX XXXX XXXXXXXX. I pressume that no proof of the alleged debt, nor therefore any such debt, in fact therefore exist.",Debt collection,Attempts to collect debt not owed,,,,Consumer argues the collector has failed to prove the debt exists.
97,10434036,12-10-2024,"RE : Trafficking Block Request To Whom It May Concern, I am a victim of XXXX The information listed below, which appears on my credit report, is the result of that trafficking. XXXX XXXX XXXX XXXX XXXX XXXX XXXX XXXX XXXX XXXX XXXX XXXX XXXX XXXX XXXX XXXX XXXX XXXX XXXX XXXX XXXX XXXX XXXX XXXX XXXX XXXX XXXX XXXX XXXX XXXX XXXX XXXX XXXX XXXX XXXX XXXX XXXX XXXX XXXX XXXX XXXX XXXX XXXX XXXX XXXX XXXX XXXX XXXX XXXX XXXX XXXX XXXX XXXX XXXX XXXX XXXX XXXX XXXX XXXX XXXX XXXX XXXX XXXX XXXX XXXX XXXX {$1300.00} Please block this information from my credit report within four business days, pursuant to Section 605C of the Fair Credit Reporting Act.",Credit reporting or other personal consumer reports,Incorrect information on your report,,,,Torn with Problem with fraud alerts or security freezes. Chose Incorrect information because the request is to block trafficking-related tradelines from the report.
98,9157413,01-06-2024,"Company is unable to provide the credit due to its own liability. requesting the credit applied company has shown reason of why not offer business credit to a new business. student loans are an private loan not to be applied but XXXX is reporting false and misleading information damaging the business profile with detrimental details. according 12 U.S. Code 1431 - Powers and duties of banks Default is issued to the lender not the borrower The borrower is whom who gives debt. Amex intends to steal data filing or intellectual information and not provide services of commerce. Denial of Federal credits not owned by its own company but the U.S is a violation of the gold clause and deprivation of rights under color of law title 18 U.S. Code 242 - Deprivation of rights under color of law PROVIDE THE ORIGINAL CONTRACT BY MAIL. IF NOT FILING TO ISSUE BONDS, NOTES, AND OR CASH OF THE FOLLOWING SECURITIES ISSUED",Student loan,Getting a loan,,,,Complaint concerns denial of requested credit/loan rather than servicing or repayment.
99,7987307,13-12-2023,"I was looking at my credit score and noticed it had a derogatory remark from XX/XX/XXXX in the amount of {$17000.00} from Rent Recovery Solutions XXXX XXXX XXXX XXXX. I discovered it on XX/XX/XXXX and notified all 3 credit bureaus that this was identity theft and I did not have any outstanding rents, nor did I take out any type of lease or rent any property. I have owned my own home in XXXX, AL for 8 years and someone has clearly stolen my identity.",Credit reporting or other personal consumer reports,Incorrect information on your report,,,,Identity theft is the reason for the derogatory collection account appearing on the report.
100,16483783,09-10-2025,"This account was fully settled, but late payment notations continue to appear.",Credit reporting or other personal consumer reports,Incorrect information on your report,,,,Late-payment history remains after the account was settled.
